{
  "IcoMoonType": "selection",
  "icons": [
    {
      "icon": {
        "paths": [
          "M1024 103.132l-103.132-103.132-408.868 408.868-408.868-408.868-103.132 103.132 408.868 408.868-408.868 408.868 103.132 103.132 408.868-408.868 408.868 408.868 103.132-103.132-408.868-408.868 408.868-408.868z"
        ],
        "attrs": [
          {}
        ],
        "isMulticolor": false,
        "isMulticolor2": false,
        "grid": 0,
        "tags": [
          "close-button"
        ],
        "colorPermutations": {
          "1171171171175177184125525525513315024313333331": [
            {}
          ]
        }
      },
      "attrs": [
        {}
      ],
      "properties": {
        "order": 123,
        "id": 45,
        "name": "close-button",
        "prevSize": 32
      },
      "setIdx": 0,
      "setId": 2,
      "iconIdx": 0
    },
    {
      "icon": {
        "paths": [
          "M512 512c141.44 0 256-114.56 256-256s-114.56-256-256-256c-141.44 0-256 114.56-256 256s114.56 256 256 256zM512 640c-170.88 0-512 85.76-512 256v64c0 35.2 28.8 64 64 64h896c35.2 0 64-28.8 64-64v-64c0-170.24-341.12-256-512-256z"
        ],
        "attrs": [
          {}
        ],
        "isMulticolor": false,
        "isMulticolor2": false,
        "grid": 0,
        "tags": [
          "Vector"
        ],
        "colorPermutations": {
          "1171171171175177184125525525513315024313333331": [
            {}
          ]
        }
      },
      "attrs": [
        {}
      ],
      "properties": {
        "order": 124,
        "id": 44,
        "name": "Vector",
        "prevSize": 32
      },
      "setIdx": 0,
      "setId": 2,
      "iconIdx": 1
    },
    {
      "icon": {
        "paths": [
          "M877.422 667.254l-134.444-15.35c-32.29-3.705-64.048 7.411-86.81 30.171l-97.395 97.393c-149.797-76.221-272.599-198.494-348.821-348.821l97.924-97.924c22.761-22.761 33.876-54.521 30.171-86.809l-15.35-133.389c-6.352-53.462-51.344-93.69-105.334-93.69h-91.573c-59.813 0-109.569 49.756-105.864 109.57 28.054 452.041 389.579 813.039 841.089 841.089 59.809 3.708 109.568-46.051 109.568-105.86v-91.575c0.527-53.461-39.702-98.453-93.162-104.805z"
        ],
        "attrs": [
          {}
        ],
        "isMulticolor": false,
        "isMulticolor2": false,
        "grid": 0,
        "tags": [
          "Vector1"
        ],
        "colorPermutations": {
          "1171171171175177184125525525513315024313333331": [
            {}
          ]
        }
      },
      "attrs": [
        {}
      ],
      "properties": {
        "order": 125,
        "id": 43,
        "name": "Vector1",
        "prevSize": 32
      },
      "setIdx": 0,
      "setId": 2,
      "iconIdx": 2
    },
    {
      "icon": {
        "paths": [
          "M1194.667 0h-1024c-70.4 0-127.36 57.6-127.36 128l-0.64 768c0 70.4 57.6 128 128 128h1024c70.4 0 128-57.6 128-128v-768c0-70.4-57.6-128-128-128zM1169.067 272l-452.48 282.88c-20.48 12.8-47.36 12.8-67.84 0l-452.48-282.88c-16-10.24-25.6-27.52-25.6-46.080 0-42.88 46.72-68.48 83.2-46.080l428.8 268.16 428.8-268.16c36.48-22.4 83.2 3.2 83.2 46.080 0 18.56-9.6 35.84-25.6 46.080z"
        ],
        "attrs": [
          {}
        ],
        "width": 1365,
        "isMulticolor": false,
        "isMulticolor2": false,
        "grid": 0,
        "tags": [
          "Vector2"
        ],
        "colorPermutations": {
          "1171171171175177184125525525513315024313333331": [
            {}
          ]
        }
      },
      "attrs": [
        {}
      ],
      "properties": {
        "order": 126,
        "id": 42,
        "name": "Vector2",
        "prevSize": 32
      },
      "setIdx": 0,
      "setId": 2,
      "iconIdx": 3
    },
    {
      "icon": {
        "paths": [
          "M1349.818 0h-1210.181c-77.001 0-139.637 56.65-139.637 126.291v757.741c0 69.638 62.637 126.293 139.637 126.293h1210.181c76.995 0 139.636-56.655 139.636-126.293v-757.741c0-69.641-62.641-126.291-139.636-126.291zM1349.818 84.193c6.321 0 12.335 1.187 17.836 3.259l-622.927 488.296-622.934-488.296c5.501-2.070 11.516-3.259 17.841-3.259h1210.184zM1349.818 926.127h-1210.181c-25.681 0-46.547-18.869-46.547-42.098v-707.626l621.136 486.866c8.774 6.864 19.637 10.278 30.5 10.278s21.726-3.411 30.5-10.278l621.136-486.866v707.629c0 23.226-20.862 42.095-46.545 42.095z"
        ],
        "attrs": [
          {
            "fill": "rgb(117, 117, 117)"
          }
        ],
        "width": 1489,
        "isMulticolor": false,
        "isMulticolor2": false,
        "grid": 0,
        "tags": [
          "mail"
        ],
        "colorPermutations": {
          "1171171171175177184125525525513315024313333331": [
            {
              "f": 1
            }
          ]
        }
      },
      "attrs": [
        {
          "fill": "rgb(117, 117, 117)"
        }
      ],
      "properties": {
        "order": 120,
        "id": 41,
        "name": "mail",
        "prevSize": 32
      },
      "setIdx": 0,
      "setId": 2,
      "iconIdx": 4
    },
    {
      "icon": {
        "paths": [
          "M580.267 0h-477.867c-56.467 0-102.4 41.543-102.4 92.613v802.643c0 51.070 45.933 92.617 102.4 92.617h477.867c56.467 0 102.4-41.547 102.4-92.617v-802.643c0-51.070-45.933-92.613-102.4-92.613zM102.4 61.742h477.867c18.833 0 34.133 13.837 34.133 30.871v648.292h-546.133v-648.292c0-17.033 15.3-30.871 34.133-30.871zM580.267 926.126h-477.867c-18.833 0-34.133-13.838-34.133-30.87v-92.611h546.133v92.611c0 17.033-15.3 30.87-34.133 30.87z",
          "M160.669 842.561c13.33 12.056 13.33 31.601 0 43.657s-34.941 12.056-48.271 0c-13.33-12.056-13.33-31.601 0-43.657s34.941-12.056 48.271 0z"
        ],
        "attrs": [
          {
            "fill": "rgb(117, 117, 117)"
          },
          {
            "fill": "rgb(117, 117, 117)"
          }
        ],
        "width": 683,
        "isMulticolor": false,
        "isMulticolor2": false,
        "grid": 0,
        "tags": [
          "tel"
        ],
        "colorPermutations": {
          "1171171171175177184125525525513315024313333331": [
            {
              "f": 1
            },
            {
              "f": 1
            }
          ]
        }
      },
      "attrs": [
        {
          "fill": "rgb(117, 117, 117)"
        },
        {
          "fill": "rgb(117, 117, 117)"
        }
      ],
      "properties": {
        "order": 119,
        "id": 40,
        "name": "tel",
        "prevSize": 32
      },
      "setIdx": 0,
      "setId": 2,
      "iconIdx": 5
    },
    {
      "icon": {
        "paths": [
          "M122.88 0l149.66 141.68h417.481v395.22l149.66 141.681v-678.58h-716.8z",
          "M0 135.71v659.195h696.32v-262.025l-419.367-397.006-276.953-0.163zM563.673 698.481h-453.489v-443.343h32.056v413.323h421.433v30.020z",
          "M200.52 917.17l16.75-34.501h14l-24.4 46v26.8h-12.7v-26.8l-24.45-46h14.050l16.75 34.501zM272.421 938.521h-28.201l-5.9 16.949h-13.15l27.501-72.8h11.35l27.55 72.8h-13.199l-5.949-16.949zM247.769 928.319h21.101l-10.549-30.2-10.551 30.2zM322.269 935.819c0-3.367 0.918-6.449 2.75-9.249 1.833-2.834 5.45-6.183 10.85-10.050-2.832-3.568-4.817-6.601-5.949-9.101-1.1-2.501-1.651-4.917-1.651-7.25 0-5.7 1.733-10.199 5.2-13.5 3.467-3.332 8.135-4.999 14-4.999 5.3 0 9.634 1.567 13.001 4.7 3.4 3.101 5.1 6.949 5.1 11.551 0 3.033-0.766 5.833-2.3 8.399-1.534 2.533-4.051 5.067-7.551 7.6l-4.95 3.6 14.051 16.599c2.034-4 3.049-8.45 3.049-13.349h10.549c0 8.966-2.099 16.316-6.3 22.049l10.701 12.65h-14.1l-4.1-4.85c-5.2 3.899-11.399 5.849-18.6 5.849s-12.966-1.898-17.299-5.7c-4.301-3.834-6.451-8.817-6.451-14.95zM346.37 946.77c4.1 0 7.934-1.366 11.5-4.1l-15.899-18.749-1.55 1.1c-4 3.033-6.001 6.5-6.001 10.4 0 3.367 1.083 6.101 3.25 8.2s5.067 3.15 8.7 3.15zM339.669 899.871c0 2.8 1.718 6.316 5.151 10.549l5.55-3.799 1.55-1.251c2.066-1.833 3.101-4.182 3.101-7.049 0-1.901-0.717-3.516-2.15-4.85-1.434-1.368-3.25-2.050-5.45-2.050-2.367 0-4.252 0.799-5.65 2.4-1.401 1.599-2.101 3.615-2.101 6.050zM471.921 931.77c-0.733 7.766-3.6 13.832-8.602 18.201-4.999 4.332-11.649 6.498-19.95 6.498-5.8 0-10.916-1.366-15.35-4.1-4.399-2.765-7.799-6.683-10.199-11.749s-3.652-10.951-3.75-17.65v-6.799c0-6.867 1.217-12.917 3.65-18.151 2.433-5.233 5.917-9.265 10.449-12.1 4.567-2.832 9.834-4.25 15.8-4.25 8.034 0 14.5 2.183 19.401 6.55 4.899 4.366 7.75 10.533 8.55 18.5h-12.601c-0.6-5.233-2.132-8.999-4.6-11.299-2.433-2.335-6.017-3.5-10.75-3.5-5.499 0-9.732 2.017-12.7 6.050-2.933 4-4.434 9.884-4.499 17.65v6.449c0 7.868 1.399 13.867 4.2 18.002 2.832 4.133 6.965 6.199 12.399 6.199 4.966 0 8.7-1.116 11.201-3.351 2.501-2.232 4.084-5.949 4.749-11.149h12.601zM541.37 920.969c0 7.133-1.233 13.4-3.701 18.801-2.466 5.368-6.001 9.501-10.6 12.401-4.565 2.865-9.832 4.299-15.798 4.299-5.9 0-11.168-1.434-15.8-4.299-4.6-2.9-8.167-7.016-10.701-12.351-2.501-5.333-3.766-11.483-3.799-18.448v-4.1c0-7.1 1.249-13.367 3.75-18.801 2.533-5.433 6.083-9.583 10.65-12.45 4.6-2.9 9.867-4.35 15.8-4.35s11.182 1.434 15.749 4.301c4.6 2.832 8.151 6.932 10.65 12.298 2.501 5.335 3.768 11.551 3.801 18.651v4.049zM528.72 917.17c0-8.067-1.534-14.25-4.6-18.551-3.033-4.299-7.35-6.449-12.95-6.449-5.468 0-9.751 2.15-12.851 6.449-3.066 4.268-4.633 10.318-4.7 18.151v4.198c0 8.002 1.55 14.184 4.651 18.551 3.133 4.366 7.467 6.55 13.001 6.55 5.599 0 9.9-2.132 12.898-6.4 3.035-4.266 4.551-10.5 4.551-18.7v-3.799z"
        ],
        "attrs": [
          {
            "fill": "rgb(175, 177, 184)"
          },
          {
            "fill": "rgb(175, 177, 184)"
          },
          {
            "fill": "rgb(175, 177, 184)"
          }
        ],
        "width": 922,
        "isMulticolor": false,
        "isMulticolor2": false,
        "grid": 0,
        "tags": [
          "logo 1"
        ],
        "colorPermutations": {
          "1171171171175177184125525525513315024313333331": [
            {
              "f": 3
            },
            {
              "f": 3
            },
            {
              "f": 3
            }
          ]
        }
      },
      "attrs": [
        {
          "fill": "rgb(175, 177, 184)"
        },
        {
          "fill": "rgb(175, 177, 184)"
        },
        {
          "fill": "rgb(175, 177, 184)"
        }
      ],
      "properties": {
        "order": 113,
        "id": 39,
        "name": "logo-1",
        "prevSize": 32
      },
      "setIdx": 0,
      "setId": 2,
      "iconIdx": 6
    },
    {
      "icon": {
        "paths": [
          "M334.314 57.787h2.69c4.982 0 10.362 0.501 15.693 0.952 23.485 1.656 46.807 5.173 69.742 10.516v-56.385c-23.617-5.925-47.703-9.763-71.985-11.467-9.216-0.701-19.029-1.152-29.091-1.402h-8.418c-48.736 0.183-97.262 6.44-144.468 18.628-53.765 13.409-105.371 34.398-153.284 62.344v559.197c46.134-25.066 95.223-44.195 146.111-56.936 40.179-10.252 81.255-16.557 122.646-18.828h1.644c6.926-0.351 13.85-0.551 20.972-0.603v-57.285c-53.784 0.691-107.296 7.802-159.411 21.181-19.279 5.008-37.91 10.415-55.396 16.425l-19.926 6.76v-436.011l8.518-4.106c65.009-30.827 135.32-48.764 207.085-52.83 0.597-0.044 1.197-0.044 1.794 0 7.92-0.401 15.892-0.601 23.713-0.601h8.966c4.135 0.1 8.269 0.2 12.404 0.451z",
          "M474.797 116.826c-13.101 0-26.055-0.451-38.558-1.402-14.944-1.102-30.289-2.904-44.835-5.358-8.867-1.502-17.585-3.305-26.053-5.258v552.787c35.854 8.877 72.671 13.217 109.596 12.92 48.733-0.199 97.254-6.437 144.467-18.58 53.774-13.426 105.395-34.414 153.334-62.344v-549.231c-46.129 25.053-95.199 44.197-146.062 56.986-49.64 12.75-100.655 19.292-151.889 19.48zM695.832 126.391l19.927-6.71v436.16l-8.519 4.106c-32.675 15.547-66.8 27.808-101.874 36.606-42.596 11.020-86.386 16.689-130.369 16.874-13.151 0-26.203-0.549-38.857-1.652l-13.649-1.201v-448.529l15.892 1.052c11.557 0.751 23.513 1.102 36.513 1.102 55.84-0.198 111.441-7.33 165.539-21.232 18.582-4.907 37.063-10.416 55.396-16.575z",
          "M53.903 831.26c-2.865-2.972-6.318-5.305-10.137-6.849s-7.917-2.265-12.031-2.115c-4.384-0.059-8.736 0.758-12.803 2.404-3.729 1.485-7.119 3.716-9.963 6.56-2.813 2.851-5.002 6.262-6.426 10.016-1.562 3.933-2.34 8.135-2.292 12.369v74.713c-0.178 5.264 0.826 10.502 2.939 15.323 1.764 3.828 4.31 7.241 7.472 10.016 2.986 2.515 6.491 4.326 10.262 5.309 3.633 1.020 7.387 1.542 11.159 1.552 4.161 0.041 8.279-0.849 12.055-2.603 3.734-1.634 7.118-3.982 9.963-6.912 2.774-2.903 4.987-6.298 6.526-10.016 1.597-3.767 2.41-7.822 2.391-11.918v-8.361h-19.528v6.66c0.058 2.274-0.331 4.537-1.146 6.66-0.636 1.589-1.604 3.025-2.839 4.206-1.21 0.977-2.597 1.709-4.085 2.152-1.319 0.439-2.696 0.675-4.085 0.701-1.744 0.203-3.509-0.059-5.119-0.764-1.609-0.703-3.006-1.822-4.047-3.241-1.841-3.003-2.743-6.491-2.59-10.016v-69.656c-0.121-3.862 0.7-7.696 2.391-11.166 1.014-1.577 2.448-2.836 4.139-3.633s3.571-1.101 5.425-0.874c1.683-0.059 3.356 0.291 4.874 1.024s2.837 1.825 3.844 3.182c2.185 2.869 3.328 6.404 3.238 10.016v6.459h19.329v-7.611c0.039-4.47-0.773-8.907-2.391-13.070-1.443-3.915-3.663-7.493-6.526-10.516z",
          "M169.923 830.407c-6.227-5.258-14.086-8.162-22.218-8.212-3.977 0.016-7.922 0.729-11.657 2.103-3.792 1.359-7.292 3.432-10.312 6.109-3.235 2.909-5.817 6.477-7.572 10.466-1.967 4.563-2.936 9.5-2.839 14.472v71.658c-0.135 5.041 0.835 10.049 2.839 14.673 1.767 3.852 4.352 7.27 7.572 10.014 2.985 2.773 6.491 4.917 10.312 6.311 3.735 1.375 7.68 2.085 11.657 2.103 3.978-0.008 7.924-0.721 11.657-2.103 3.886-1.414 7.47-3.554 10.561-6.311 3.115-2.794 5.625-6.203 7.373-10.014 2.005-4.624 2.974-9.632 2.839-14.673v-71.658c0.096-4.972-0.872-9.909-2.839-14.472-1.738-3.948-4.245-7.507-7.373-10.466zM160.807 927.004c0.165 1.91-0.099 3.832-0.772 5.626s-1.737 3.413-3.114 4.74c-2.579 2.162-5.832 3.348-9.191 3.348s-6.612-1.185-9.191-3.348c-1.377-1.327-2.442-2.946-3.114-4.74s-0.936-3.716-0.772-5.626v-71.658c-0.164-1.91 0.099-3.832 0.772-5.626s1.737-3.415 3.114-4.74c2.579-2.162 5.832-3.348 9.191-3.348s6.612 1.185 9.191 3.348c1.377 1.325 2.442 2.946 3.114 4.74s0.936 3.716 0.772 5.626v71.658z",
          "M322.31 959.004v-135.654h-18.781l-24.659 71.808h-0.349l-24.86-71.808h-18.582v135.654h19.379v-82.525h0.349l18.979 58.338h9.665l19.129-58.338h0.349v82.525h19.379z",
          "M432.402 832.861c-2.983-3.348-6.751-5.896-10.959-7.412-4.535-1.475-9.283-2.186-14.048-2.103h-28.794v135.656h19.33v-52.98h9.962c6.032 0.274 12.032-1.002 17.436-3.706 4.395-2.44 8.058-6.020 10.61-10.366 2.237-3.608 3.744-7.625 4.435-11.817 0.76-5.104 1.111-10.264 1.046-15.423 0.187-6.514-0.449-13.026-1.892-19.379-1.29-4.695-3.74-8.986-7.125-12.469zM422.439 874.222c-0.085 2.456-0.695 4.866-1.794 7.062-1.105 2.085-2.851 3.755-4.982 4.756-2.863 1.282-5.986 1.865-9.116 1.703h-8.818v-46.119h9.964c2.999-0.148 5.99 0.437 8.718 1.701 1.999 1.148 3.586 2.901 4.533 5.008 1.056 2.383 1.632 4.955 1.694 7.562 0 2.855 0 5.858 0 9.013s0.199 6.41 0 9.314h-0.199z",
          "M523.967 823.349h-15.842l-29.889 135.654h19.328l5.679-29.145h26.352l5.679 29.145h19.33l-30.637-135.654zM506.132 911.382l9.515-49.174h0.349l9.466 49.174h-19.33z",
          "M648.854 905.072h-0.349l-29.194-81.723h-18.58v135.654h19.328v-81.573h0.398l29.542 81.573h18.182v-135.654h-19.328v81.723z",
          "M766.968 823.349l-15.543 53.931h-0.398l-15.543-53.931h-20.474l26.551 78.318v57.336h19.33v-57.336l26.551-78.318h-20.474z",
          "M0 997.307h9.316v26.14h6.327v-26.14h9.266v-5.358h-24.908v5.358z",
          "M78.311 991.949l-12.205 31.498h6.725l2.59-7.16h12.554l2.69 7.16h6.875l-12.504-31.498h-6.725zM77.314 1010.977l4.284-11.668 4.284 11.668h-8.568z",
          "M155.725 1011.832h7.273v4.057c-2.124 1.703-4.756 2.637-7.472 2.655-1.27 0.071-2.539-0.165-3.701-0.687-1.161-0.524-2.181-1.317-2.975-2.318-1.67-2.399-2.494-5.289-2.341-8.212 0-7.010 3.039-10.516 9.067-10.516 1.587-0.16 3.177 0.26 4.484 1.178s2.243 2.276 2.64 3.828l6.227-1.201c-1.345-6.16-5.779-9.263-13.351-9.263-4.050-0.108-7.988 1.343-11.009 4.057-1.587 1.566-2.815 3.462-3.598 5.555s-1.102 4.332-0.936 6.561c-0.184 4.311 1.258 8.531 4.035 11.819 1.543 1.591 3.411 2.826 5.475 3.621s4.275 1.13 6.481 0.985c4.928 0.138 9.716-1.658 13.351-5.008v-12.418h-13.65v5.307z",
          "M234.785 991.949h-6.376v31.498h22.067v-5.358h-15.691v-26.14z",
          "M301.637 991.949h-6.376v31.498h6.376v-31.498z",
          "M366.994 1012.982l-12.902-21.033h-6.177v31.498h5.927v-20.58l12.654 20.58h6.325v-31.498h-5.827v21.033z",
          "M426.079 1009.575h15.693v-5.358h-15.693v-6.91h16.888v-5.358h-23.264v31.498h23.912v-5.358h-17.536v-8.513z",
          "M569.346 1004.369h-12.404v-12.42h-6.327v31.498h6.327v-13.771h12.404v13.771h6.327v-31.498h-6.327v12.42z",
          "M628.779 1009.575h15.742v-5.358h-15.742v-6.91h16.937v-5.358h-23.264v31.498h23.861v-5.358h-17.534v-8.513z",
          "M709.382 1009.577c5.478-0.851 8.269-3.755 8.269-8.763 0.16-1.339-0.043-2.698-0.587-3.931-0.544-1.235-1.408-2.298-2.503-3.080-2.851-1.434-6.034-2.072-9.216-1.853h-13.349v31.498h6.327v-13.17h1.245c1.349-0.083 2.698 0.158 3.935 0.701 0.926 0.571 1.696 1.361 2.243 2.304l6.875 10.016h7.572l-3.836-6.16c-1.696-3.040-4.086-5.632-6.973-7.562zM703.004 1005.221h-4.681v-7.912h4.98c2.17-0.175 4.354 0.079 6.428 0.75 0.461 0.408 0.823 0.914 1.063 1.481s0.349 1.182 0.321 1.798c-0.030 0.614-0.195 1.217-0.486 1.759s-0.701 1.012-1.197 1.373c-2.080 0.638-4.257 0.892-6.428 0.752z",
          "M770.154 1009.575h15.693v-5.358h-15.693v-6.91h16.939v-5.358h-23.316v31.498h23.912v-5.358h-17.536v-8.513z"
        ],
        "attrs": [
          {
            "fill": "rgb(175, 177, 184)"
          },
          {
            "fill": "rgb(175, 177, 184)"
          },
          {
            "fill": "rgb(175, 177, 184)"
          },
          {
            "fill": "rgb(175, 177, 184)"
          },
          {
            "fill": "rgb(175, 177, 184)"
          },
          {
            "fill": "rgb(175, 177, 184)"
          },
          {
            "fill": "rgb(175, 177, 184)"
          },
          {
            "fill": "rgb(175, 177, 184)"
          },
          {
            "fill": "rgb(175, 177, 184)"
          },
          {
            "fill": "rgb(175, 177, 184)"
          },
          {
            "fill": "rgb(175, 177, 184)"
          },
          {
            "fill": "rgb(175, 177, 184)"
          },
          {
            "fill": "rgb(175, 177, 184)"
          },
          {
            "fill": "rgb(175, 177, 184)"
          },
          {
            "fill": "rgb(175, 177, 184)"
          },
          {
            "fill": "rgb(175, 177, 184)"
          },
          {
            "fill": "rgb(175, 177, 184)"
          },
          {
            "fill": "rgb(175, 177, 184)"
          },
          {
            "fill": "rgb(175, 177, 184)"
          },
          {
            "fill": "rgb(175, 177, 184)"
          }
        ],
        "width": 788,
        "isMulticolor": false,
        "isMulticolor2": false,
        "grid": 0,
        "tags": [
          "logo 2"
        ],
        "colorPermutations": {
          "1171171171175177184125525525513315024313333331": [
            {
              "f": 3
            },
            {
              "f": 3
            },
            {
              "f": 3
            },
            {
              "f": 3
            },
            {
              "f": 3
            },
            {
              "f": 3
            },
            {
              "f": 3
            },
            {
              "f": 3
            },
            {
              "f": 3
            },
            {
              "f": 3
            },
            {
              "f": 3
            },
            {
              "f": 3
            },
            {
              "f": 3
            },
            {
              "f": 3
            },
            {
              "f": 3
            },
            {
              "f": 3
            },
            {
              "f": 3
            },
            {
              "f": 3
            },
            {
              "f": 3
            },
            {
              "f": 3
            }
          ]
        }
      },
      "attrs": [
        {
          "fill": "rgb(175, 177, 184)"
        },
        {
          "fill": "rgb(175, 177, 184)"
        },
        {
          "fill": "rgb(175, 177, 184)"
        },
        {
          "fill": "rgb(175, 177, 184)"
        },
        {
          "fill": "rgb(175, 177, 184)"
        },
        {
          "fill": "rgb(175, 177, 184)"
        },
        {
          "fill": "rgb(175, 177, 184)"
        },
        {
          "fill": "rgb(175, 177, 184)"
        },
        {
          "fill": "rgb(175, 177, 184)"
        },
        {
          "fill": "rgb(175, 177, 184)"
        },
        {
          "fill": "rgb(175, 177, 184)"
        },
        {
          "fill": "rgb(175, 177, 184)"
        },
        {
          "fill": "rgb(175, 177, 184)"
        },
        {
          "fill": "rgb(175, 177, 184)"
        },
        {
          "fill": "rgb(175, 177, 184)"
        },
        {
          "fill": "rgb(175, 177, 184)"
        },
        {
          "fill": "rgb(175, 177, 184)"
        },
        {
          "fill": "rgb(175, 177, 184)"
        },
        {
          "fill": "rgb(175, 177, 184)"
        },
        {
          "fill": "rgb(175, 177, 184)"
        }
      ],
      "properties": {
        "order": 114,
        "id": 38,
        "name": "logo-2",
        "prevSize": 32
      },
      "setIdx": 0,
      "setId": 2,
      "iconIdx": 7
    },
    {
      "icon": {
        "paths": [
          "M151.109 995.295c0.358 0.010 0.71 0.086 1.036 0.226s0.619 0.341 0.863 0.591l4.9 5.137c-3.804 4.156-8.505 7.482-13.782 9.747-6.18 2.472-12.84 3.665-19.54 3.501-6.296 0.124-12.551-0.988-18.376-3.267-5.254-2.093-9.975-5.239-13.843-9.223-3.947-4.132-6.988-8.973-8.943-14.241-2.141-5.873-3.198-12.052-3.124-18.268-0.087-6.256 1.056-12.474 3.369-18.327 2.14-5.301 5.367-10.142 9.494-14.243 4.183-4.017 9.186-7.175 14.701-9.28 6.033-2.227 12.457-3.336 18.927-3.267 6.010-0.141 11.988 0.874 17.58 2.977 4.851 2.005 9.306 4.789 13.169 8.23l-4.104 5.487c-0.283 0.386-0.636 0.722-1.041 0.991-0.484 0.317-1.069 0.462-1.654 0.41-0.636-0.043-1.249-0.243-1.776-0.583l-2.205-1.46-3.063-1.867c-1.322-0.693-2.693-1.298-4.104-1.81-1.817-0.619-3.68-1.107-5.574-1.46-2.404-0.422-4.845-0.617-7.289-0.583-4.659-0.055-9.282 0.779-13.598 2.45-4.025 1.55-7.658 3.898-10.658 6.889-3.054 3.179-5.408 6.911-6.922 10.971-1.725 4.646-2.575 9.547-2.511 14.477-0.073 5.003 0.777 9.983 2.511 14.707 1.495 4.027 3.805 7.735 6.799 10.914 2.806 2.965 6.283 5.28 10.168 6.77 3.998 1.581 8.29 2.374 12.618 2.336 2.5 0.036 4.999-0.119 7.473-0.467 4.039-0.472 7.914-1.807 11.332-3.91 1.715-1.079 3.333-2.289 4.839-3.62 0.63-0.572 1.458-0.905 2.328-0.934z",
          "M292.604 969.485c0.076 6.194-1.045 12.345-3.308 18.151-1.996 5.265-5.141 10.069-9.226 14.093-4.086 4.025-9.021 7.178-14.479 9.252-11.993 4.358-25.25 4.358-37.241 0-5.423-2.108-10.325-5.268-14.394-9.28-4.083-4.096-7.251-8.94-9.31-14.238-4.412-11.757-4.412-24.605 0-36.362 2.089-5.301 5.253-10.159 9.31-14.298 4.104-3.886 9.004-6.925 14.394-8.928 11.977-4.437 25.265-4.437 37.241 0 5.441 2.105 10.364 5.265 14.455 9.278 4.034 4.058 7.178 8.84 9.249 14.065 2.269 5.846 3.391 12.038 3.308 18.268zM279.743 969.485c0.095-4.953-0.691-9.888-2.329-14.591-1.372-4.027-3.603-7.744-6.554-10.912-2.872-3.001-6.408-5.351-10.352-6.887-8.714-3.191-18.358-3.191-27.073 0-3.944 1.536-7.48 3.886-10.352 6.887-2.991 3.151-5.246 6.87-6.615 10.912-3.117 9.502-3.117 19.682 0 29.182 1.383 4.039 3.636 7.756 6.615 10.914 2.876 2.982 6.412 5.313 10.352 6.827 8.729 3.11 18.345 3.11 27.073 0 3.941-1.515 7.478-3.846 10.352-6.827 2.939-3.177 5.168-6.889 6.554-10.914 1.646-4.701 2.431-9.635 2.329-14.591z",
          "M389.139 984.783l1.286 3.267c0.491-1.167 0.919-2.217 1.407-3.267 0.469-1.098 1-2.169 1.593-3.21l31.301-54.21c0.612-0.934 1.162-1.517 1.777-1.693 0.831-0.241 1.703-0.341 2.572-0.291h9.249v88.174h-10.964v-64.833c0-0.817 0-1.75 0-2.741-0.060-1.012-0.060-2.024 0-3.036l-31.484 54.972c-0.4 0.822-1.041 1.519-1.843 2.005-0.805 0.486-1.738 0.743-2.689 0.736h-1.777c-0.955 0.014-1.891-0.238-2.696-0.726s-1.443-1.188-1.838-2.015l-32.401-55.322c0 1.050 0 2.103 0 3.153s0 1.984 0 2.801v64.831h-10.597v-87.997h9.249c0.869-0.050 1.741 0.050 2.572 0.291 0.76 0.36 1.365 0.957 1.715 1.693l31.975 54.27c0.629 1.003 1.162 2.058 1.593 3.151z",
          "M506.93 980.401v33.030h-12.25v-88.057h27.319c5.156-0.093 10.3 0.555 15.25 1.927 3.965 1.069 7.642 2.941 10.781 5.484 2.722 2.386 4.82 5.341 6.127 8.637 1.446 3.591 2.153 7.416 2.081 11.262 0.055 3.863-0.717 7.694-2.267 11.262-1.472 3.379-3.734 6.392-6.616 8.811-3.141 2.65-6.837 4.639-10.84 5.837-4.77 1.45-9.757 2.141-14.762 2.041l-14.824-0.233zM506.93 970.95h14.824c3.22 0.038 6.425-0.414 9.495-1.343 2.531-0.812 4.865-2.1 6.861-3.794 1.838-1.615 3.265-3.61 4.165-5.834 1.003-2.353 1.503-4.872 1.469-7.411 0.143-2.448-0.276-4.896-1.229-7.173-0.953-2.279-2.415-4.329-4.284-6.015-4.679-3.482-10.557-5.168-16.477-4.727h-14.824v36.297z",
          "M671.577 1013.55h-9.678c-0.972 0.033-1.924-0.255-2.696-0.819-0.695-0.548-1.241-1.248-1.593-2.041l-8.33-21.302h-41.834l-8.637 21.302c-0.317 0.779-0.845 1.462-1.531 1.984-0.779 0.598-1.757 0.907-2.758 0.876h-9.678l36.752-88.183h12.74l37.243 88.183zM610.937 980.809h34.547l-14.579-35.892c-1.114-2.698-2.036-5.468-2.758-8.287l-1.407 4.61c-0.429 1.403-0.919 2.686-1.348 3.736l-14.455 35.833z",
          "M724.499 925.777c0.733 0.383 1.362 0.922 1.838 1.576l53.596 66.472c0-1.053 0-2.103 0-3.093 0-0.993 0-1.984 0-2.92v-62.445h10.964v88.183h-6.125c-0.869 0.024-1.731-0.155-2.51-0.526-0.757-0.419-1.422-0.974-1.96-1.634l-53.536-66.412c0.060 1.010 0.060 2.022 0 3.034 0 0.993 0 1.867 0 2.684v62.855h-10.964v-88.183h6.494c0.757-0.019 1.51 0.119 2.203 0.41z",
          "M881.183 978.477v35.016h-12.252v-35.016l-33.873-53.105h10.964c0.945-0.055 1.879 0.214 2.634 0.757 0.667 0.567 1.226 1.238 1.655 1.984l21.194 34.259c0.857 1.457 1.591 2.801 2.205 4.084 0.612 1.284 1.103 2.51 1.531 3.736l1.591-3.794c0.595-1.388 1.291-2.734 2.084-4.027l20.887-34.492c0.438-0.688 0.974-1.317 1.593-1.867 0.726-0.605 1.669-0.919 2.634-0.874h11.085l-33.933 53.338z",
          "M383.076 777.39c5.33 0.641 10.719 1.167 16.17 1.634 82.649-35.226 152.566-92.879 201.014-165.752 48.447-72.875 73.276-157.736 71.38-243.981l-91.084-86.778c18.52 91.822 9.857 186.742-25.019 274.141-34.878 87.4-94.591 163.828-172.461 220.736z",
          "M350.553 773.353l2.448 0.467c83.213-56.706 146.653-135.892 182.122-227.318 35.469-91.424 41.329-190.886 16.829-285.52l-129.734-123.598c52.472 101.597 73.595 215.296 60.909 327.879-12.688 112.583-58.661 219.422-132.575 308.091z",
          "M790.533 471.185c-22.042 94.763-75.571 180.224-152.643 243.7-22.509 18.639-46.787 35.245-72.523 49.602 62.757-17.572 120.441-48.645 168.603-90.815 48.161-42.172 85.514-94.318 109.177-152.416l-52.615-50.071z",
          "M769.886 457.233l-74.912-71.373c-1.434 81.372-25.714 160.894-70.32 230.3-44.606 69.408-107.908 126.164-183.329 164.376h0.369c16.806-0.007 33.599-0.962 50.288-2.86 70.485-27.41 132.751-71.016 181.243-126.931 48.49-55.915 81.699-122.397 96.661-193.512z",
          "M361.393 85.261l-89.369-85.261c-79.892 29.413-148.602 81.121-197.138 148.355s-74.637 146.862-74.886 228.463v0c0.299 90.167 32.154 177.662 90.521 248.639s139.913 121.382 231.732 143.236c81.965-95.144 129.955-212.709 136.992-335.612 7.039-122.904-27.238-244.745-97.852-347.819z",
          "M976.372 444.106c-0.324-106.977-45.073-209.486-124.471-285.131s-186.992-118.278-299.277-118.586c-51.886-0.051-103.331 9.071-151.723 26.903l547.173 521.307c18.734-46.082 28.331-95.077 28.298-144.494z"
        ],
        "attrs": [
          {
            "fill": "rgb(175, 177, 184)"
          },
          {
            "fill": "rgb(175, 177, 184)"
          },
          {
            "fill": "rgb(175, 177, 184)"
          },
          {
            "fill": "rgb(175, 177, 184)"
          },
          {
            "fill": "rgb(175, 177, 184)"
          },
          {
            "fill": "rgb(175, 177, 184)"
          },
          {
            "fill": "rgb(175, 177, 184)"
          },
          {
            "fill": "rgb(175, 177, 184)"
          },
          {
            "fill": "rgb(175, 177, 184)"
          },
          {
            "fill": "rgb(175, 177, 184)"
          },
          {
            "fill": "rgb(175, 177, 184)"
          },
          {
            "fill": "rgb(175, 177, 184)"
          },
          {
            "fill": "rgb(175, 177, 184)"
          }
        ],
        "width": 976,
        "isMulticolor": false,
        "isMulticolor2": false,
        "grid": 0,
        "tags": [
          "logo 3"
        ],
        "colorPermutations": {
          "1171171171175177184125525525513315024313333331": [
            {
              "f": 3
            },
            {
              "f": 3
            },
            {
              "f": 3
            },
            {
              "f": 3
            },
            {
              "f": 3
            },
            {
              "f": 3
            },
            {
              "f": 3
            },
            {
              "f": 3
            },
            {
              "f": 3
            },
            {
              "f": 3
            },
            {
              "f": 3
            },
            {
              "f": 3
            },
            {
              "f": 3
            }
          ]
        }
      },
      "attrs": [
        {
          "fill": "rgb(175, 177, 184)"
        },
        {
          "fill": "rgb(175, 177, 184)"
        },
        {
          "fill": "rgb(175, 177, 184)"
        },
        {
          "fill": "rgb(175, 177, 184)"
        },
        {
          "fill": "rgb(175, 177, 184)"
        },
        {
          "fill": "rgb(175, 177, 184)"
        },
        {
          "fill": "rgb(175, 177, 184)"
        },
        {
          "fill": "rgb(175, 177, 184)"
        },
        {
          "fill": "rgb(175, 177, 184)"
        },
        {
          "fill": "rgb(175, 177, 184)"
        },
        {
          "fill": "rgb(175, 177, 184)"
        },
        {
          "fill": "rgb(175, 177, 184)"
        },
        {
          "fill": "rgb(175, 177, 184)"
        }
      ],
      "properties": {
        "order": 115,
        "id": 37,
        "name": "logo-3",
        "prevSize": 32
      },
      "setIdx": 0,
      "setId": 2,
      "iconIdx": 8
    },
    {
      "icon": {
        "paths": [
          "M318.861 310.469h-0.070c-58.163 0-105.316 43.245-105.316 96.593v0.065c0 53.345 47.152 96.593 105.316 96.593h0.070c58.163 0 105.315-43.248 105.315-96.593v-0.065c0-53.348-47.151-96.593-105.315-96.593z",
          "M1096.202 279.592c-0.165-74.094-32.323-145.112-89.443-197.511-57.117-52.399-134.541-81.912-215.327-82.081v0c-80.809 0.135-158.268 29.633-215.415 82.036-57.149 52.403-89.328 123.44-89.493 197.556v408.596c0 0 609.61-62.272 609.677-408.531v-0.065z",
          "M0 822.297c0.147 51.555 22.536 100.961 62.277 137.423s93.601 57.012 149.812 57.164c56.199-0.152 110.049-20.695 149.787-57.142s62.137-85.839 62.302-137.383v-284.305c0 0-424.178 43.363-424.178 284.242zM212.089 873.235c-10.985 0-21.722-2.987-30.856-8.584s-16.252-13.552-20.456-22.86c-4.204-9.308-5.304-19.551-3.161-29.431 2.143-9.883 7.433-18.959 15.2-26.082 7.767-7.126 17.663-11.976 28.437-13.941s21.941-0.957 32.089 2.9c10.148 3.854 18.823 10.382 24.925 18.759 6.104 8.377 9.361 18.227 9.361 28.302 0.027 6.703-1.389 13.349-4.168 19.551-2.78 6.204-6.866 11.841-12.026 16.591s-11.291 8.519-18.043 11.092c-6.752 2.572-13.991 3.896-21.302 3.896v-0.192z",
          "M642.885 844.94h-42.146v43.535h-21.951v-106.536h69.365v17.78h-47.414v27.513h42.146v17.708zM748.397 837.622c0 10.487-1.853 19.683-5.562 27.586-3.706 7.902-9.024 13.999-15.949 18.292-6.878 4.293-14.781 6.439-23.709 6.439-8.829 0-16.706-2.12-23.632-6.366-6.928-4.243-12.293-10.292-16.099-18.145-3.804-7.902-5.732-16.976-5.779-27.221v-5.267c0-10.487 1.878-19.708 5.634-27.658 3.804-8 9.146-14.124 16.024-18.367 6.926-4.293 14.828-6.439 23.707-6.439s16.756 2.145 23.634 6.439c6.926 4.243 12.268 10.367 16.024 18.367 3.804 7.95 5.707 17.146 5.707 27.586v4.755zM726.153 832.792c0-11.169-2.001-19.658-6.002-25.463-3.999-5.804-9.706-8.706-17.121-8.706-7.365 0-13.050 2.877-17.048 8.634-4.001 5.707-6.024 14.096-6.074 25.17v5.195c0 10.877 2.001 19.316 5.999 25.318 4.001 5.999 9.758 8.999 17.268 8.999 7.368 0 13.025-2.877 16.976-8.634 3.951-5.804 5.952-14.244 6.002-25.318v-5.195zM819.592 860.525c0-4.146-1.464-7.318-4.391-9.513-2.927-2.243-8.194-4.586-15.805-7.023-7.61-2.488-13.634-4.928-18.075-7.318-12.096-6.536-18.145-15.34-18.145-26.414 0-5.757 1.608-10.879 4.828-15.365 3.269-4.538 7.927-8.075 13.976-10.61 6.099-2.538 12.927-3.806 20.487-3.806 7.61 0 14.391 1.391 20.343 4.171 5.952 2.732 10.56 6.611 13.829 11.634 3.317 5.025 4.975 10.732 4.975 17.123h-21.951c0-4.878-1.536-8.659-4.61-11.341-3.072-2.732-7.39-4.098-12.95-4.098-5.367 0-9.538 1.146-12.513 3.439-2.975 2.243-4.463 5.22-4.463 8.926 0 3.464 1.731 6.366 5.195 8.709 3.512 2.34 8.659 4.536 15.44 6.584 12.488 3.756 21.584 8.414 27.291 13.976 5.709 5.562 8.562 12.488 8.562 20.78 0 9.221-3.487 16.464-10.462 21.731-6.976 5.22-16.367 7.83-28.172 7.83-8.194 0-15.657-1.486-22.388-4.463-6.733-3.025-11.878-7.146-15.44-12.365-3.512-5.22-5.27-11.269-5.27-18.147h22.026c0 11.756 7.023 17.635 21.072 17.635 5.22 0 9.293-1.049 12.221-3.147 2.927-2.145 4.391-5.122 4.391-8.926zM936.738 799.719h-32.633v88.756h-21.951v-88.756h-32.196v-17.78h86.78v17.78zM1013.42 842.305h-42.146v28.537h49.464v17.633h-71.415v-106.536h71.268v17.78h-49.317v25.39h42.146v17.196zM1073.055 849.475h-17.488v38.999h-21.951v-106.536h39.586c12.585 0 22.291 2.805 29.122 8.414 6.828 5.61 10.242 13.537 10.242 23.782 0 7.268-1.583 13.339-4.755 18.22-3.122 4.828-7.877 8.682-14.269 11.561l23.050 43.535v1.024h-23.562l-19.975-38.999zM1055.567 831.695h17.708c5.512 0 9.78-1.391 12.805-4.171 3.025-2.83 4.536-6.708 4.536-11.634 0-5.025-1.439-8.976-4.316-11.853-2.83-2.88-7.195-4.318-13.097-4.318h-17.635v31.976zM1188.592 850.939v37.536h-21.951v-106.536h41.559c8.002 0 15.025 1.464 21.074 4.391 6.097 2.927 10.779 7.098 14.049 12.513 3.269 5.365 4.903 11.486 4.903 18.365 0 10.44-3.586 18.684-10.757 24.731-7.121 6.002-16.998 9.001-29.634 9.001h-19.244zM1188.592 833.159h19.608c5.807 0 10.22-1.366 13.245-4.098 3.074-2.732 4.61-6.634 4.61-11.706 0-5.22-1.536-9.441-4.61-12.66-3.072-3.219-7.318-4.878-12.73-4.975h-20.123v33.44zM1327.469 842.305h-42.146v28.537h49.464v17.633h-71.415v-106.536h71.268v17.78h-49.317v25.39h42.146v17.196zM1429.324 799.719h-32.636v88.756h-21.951v-88.756h-32.194v-17.78h86.78v17.78zM1506.007 842.305h-42.146v28.537h49.462v17.633h-71.413v-106.536h71.268v17.78h-49.317v25.39h42.146v17.196zM1565.641 849.475h-17.488v38.999h-21.951v-106.536h39.584c12.585 0 22.293 2.805 29.122 8.414 6.831 5.61 10.245 13.537 10.245 23.782 0 7.268-1.586 13.339-4.755 18.22-3.122 4.828-7.88 8.682-14.269 11.561l23.047 43.535v1.024h-23.559l-19.975-38.999zM1548.153 831.695h17.708c5.512 0 9.78-1.391 12.805-4.171 3.022-2.83 4.536-6.708 4.536-11.634 0-5.025-1.439-8.976-4.318-11.853-2.827-2.88-7.193-4.318-13.097-4.318h-17.633v31.976zM1677.152 860.525c0-4.146-1.464-7.318-4.391-9.513-2.927-2.243-8.194-4.586-15.805-7.023-7.61-2.488-13.634-4.928-18.072-7.318-12.098-6.536-18.147-15.34-18.147-26.414 0-5.757 1.611-10.879 4.83-15.365 3.267-4.538 7.927-8.075 13.976-10.61 6.097-2.538 12.925-3.806 20.487-3.806 7.61 0 14.388 1.391 20.34 4.171 5.952 2.732 10.562 6.611 13.829 11.634 3.317 5.025 4.975 10.732 4.975 17.123h-21.951c0-4.878-1.536-8.659-4.608-11.341-3.074-2.732-7.39-4.098-12.952-4.098-5.365 0-9.536 1.146-12.513 3.439-2.975 2.243-4.463 5.22-4.463 8.926 0 3.464 1.733 6.366 5.195 8.709 3.514 2.34 8.659 4.536 15.44 6.584 12.488 3.756 21.586 8.414 27.293 13.976s8.559 12.488 8.559 20.78c0 9.221-3.487 16.464-10.462 21.731-6.976 5.22-16.367 7.83-28.17 7.83-8.197 0-15.66-1.486-22.391-4.463-6.731-3.025-11.878-7.146-15.44-12.365-3.512-5.22-5.267-11.269-5.267-18.147h22.023c0 11.756 7.026 17.635 21.074 17.635 5.22 0 9.291-1.049 12.218-3.147 2.927-2.145 4.391-5.122 4.391-8.926z"
        ],
        "attrs": [
          {
            "fill": "rgb(175, 177, 184)"
          },
          {
            "fill": "rgb(175, 177, 184)"
          },
          {
            "fill": "rgb(175, 177, 184)"
          },
          {
            "fill": "rgb(175, 177, 184)"
          }
        ],
        "width": 2048,
        "isMulticolor": false,
        "isMulticolor2": false,
        "grid": 0,
        "tags": [
          "logo 4"
        ],
        "colorPermutations": {
          "1171171171175177184125525525513315024313333331": [
            {
              "f": 3
            },
            {
              "f": 3
            },
            {
              "f": 3
            },
            {
              "f": 3
            }
          ]
        }
      },
      "attrs": [
        {
          "fill": "rgb(175, 177, 184)"
        },
        {
          "fill": "rgb(175, 177, 184)"
        },
        {
          "fill": "rgb(175, 177, 184)"
        },
        {
          "fill": "rgb(175, 177, 184)"
        }
      ],
      "properties": {
        "order": 116,
        "id": 36,
        "name": "logo-4",
        "prevSize": 32
      },
      "setIdx": 0,
      "setId": 2,
      "iconIdx": 9
    },
    {
      "icon": {
        "paths": [
          "M97.773 855.755c5.008 6.222 7.677 14.018 7.537 22.018 0.256 5.22-0.661 10.43-2.683 15.242-2.022 4.815-5.096 9.111-8.996 12.571-9.73 7.379-21.784 10.985-33.949 10.159h-59.682v-139.547h58.46c11.54-0.771 22.988 2.506 32.388 9.27 3.775 3.172 6.765 7.183 8.733 11.715 1.968 4.53 2.86 9.458 2.606 14.395 0.343 7.697-2.065 15.266-6.79 21.338-4.536 5.545-10.805 9.388-17.789 10.907 7.918 1.451 15.065 5.68 20.166 11.931zM27.77 834.689h24.987c5.679 0.423 11.319-1.222 15.888-4.634 1.876-1.708 3.336-3.826 4.266-6.19s1.306-4.911 1.098-7.445c0.176-2.525-0.207-5.057-1.123-7.414s-2.341-4.482-4.173-6.22c-4.706-3.508-10.521-5.181-16.363-4.704h-24.579v36.607zM71.089 888.205c2.005-1.75 3.582-3.937 4.606-6.397s1.47-5.122 1.301-7.785c0.153-2.691-0.313-5.381-1.36-7.863-1.048-2.484-2.65-4.691-4.683-6.451-4.889-3.641-10.901-5.427-16.975-5.046h-26.209v38.38h26.548c5.976 0.346 11.891-1.36 16.771-4.839z",
          "M217.272 915.746l-32.523-54.538h-12.222v54.538h-27.974v-139.547h52.96c13.349-0.935 26.546 3.312 36.869 11.863 7.403 7.573 11.868 17.552 12.591 28.14 0.721 10.586-2.346 21.084-8.654 29.6-6.534 7.514-15.458 12.525-25.257 14.179l34.628 55.764h-30.418zM172.527 842.19h22.882c15.888 0 23.832-7.046 23.832-21.134 0.163-2.878-0.272-5.756-1.279-8.456-1.004-2.699-2.557-5.159-4.56-7.225-5.021-4.192-11.487-6.225-17.993-5.658h-23.153l0.272 42.472z",
          "M370.183 887.655h-55.745l-9.846 28.086h-29.332l51.196-137.979h31.709l50.991 137.979h-29.332l-9.641-28.086zM362.714 866.522l-20.369-58.9-20.371 58.9h40.74z",
          "M561.586 915.744h-27.77l-62.261-94.894v94.894h-27.702v-139.547h27.702l62.261 95.441v-95.441h27.77v139.547z",
          "M720.062 882.342c-5.741 10.536-14.491 19.105-25.123 24.609-12.088 6.131-25.502 9.153-39.041 8.796h-49.431v-139.547h49.431c13.515-0.355 26.912 2.593 39.041 8.591 10.63 5.377 19.388 13.863 25.123 24.336 5.717 11.349 8.695 23.89 8.695 36.607 0 12.719-2.978 25.26-8.695 36.609zM688.285 879.002c7.926-9.27 12.284-21.086 12.284-33.302 0-12.218-4.357-24.031-12.284-33.302-9.58-8.397-22.073-12.661-34.764-11.863h-19.282v90.328h19.282c12.691 0.797 25.184-3.464 34.764-11.861z",
          "M387.564 0c0 0 358.433 135.865 350.829 332.471v332.539c0 0-358.163-135.933-350.694-332.539l-0.135-332.471z",
          "M1057.718 587.157c67.693-46.773 145.994-75.743 227.731-84.26v-104.097c-94.18 36.444-174.073 102.526-227.731 188.357z",
          "M1017.048 618.518c55.405-112.013 151.458-198.449 268.401-241.529v-299.954c0 0-510.46 193.539-499.664 473.518v473.447c0 0 22.746-8.656 58.529-24.881 0-15.136 0-30.404 1.63-45.744 10.565-129.978 72.109-250.425 171.104-334.857z",
          "M968.497 794.4c2.682-32.836 8.665-65.314 17.857-96.94-61.64 72.913-98.969 163.391-106.736 258.71-0.747 8.998-1.155 17.996-1.357 27.269 28.992-13.977 62.739-31.428 98.18-51.947-9.044-45.095-11.719-91.247-7.944-137.092z",
          "M988.798 796.106c-3.397 41.476-1.275 83.225 6.314 124.139 139.464-83.783 296.173-213.24 290.13-369.692v-13.634c-99.642 11.194-192.865 54.928-265.347 124.479-16.97 43.104-27.45 88.504-31.097 134.708z"
        ],
        "attrs": [
          {
            "fill": "rgb(175, 177, 184)"
          },
          {
            "fill": "rgb(175, 177, 184)"
          },
          {
            "fill": "rgb(175, 177, 184)"
          },
          {
            "fill": "rgb(175, 177, 184)"
          },
          {
            "fill": "rgb(175, 177, 184)"
          },
          {
            "fill": "rgb(175, 177, 184)"
          },
          {
            "fill": "rgb(175, 177, 184)"
          },
          {
            "fill": "rgb(175, 177, 184)"
          },
          {
            "fill": "rgb(175, 177, 184)"
          },
          {
            "fill": "rgb(175, 177, 184)"
          }
        ],
        "width": 1285,
        "isMulticolor": false,
        "isMulticolor2": false,
        "grid": 0,
        "tags": [
          "logo 5"
        ],
        "colorPermutations": {
          "1171171171175177184125525525513315024313333331": [
            {
              "f": 3
            },
            {
              "f": 3
            },
            {
              "f": 3
            },
            {
              "f": 3
            },
            {
              "f": 3
            },
            {
              "f": 3
            },
            {
              "f": 3
            },
            {
              "f": 3
            },
            {
              "f": 3
            },
            {
              "f": 3
            }
          ]
        }
      },
      "attrs": [
        {
          "fill": "rgb(175, 177, 184)"
        },
        {
          "fill": "rgb(175, 177, 184)"
        },
        {
          "fill": "rgb(175, 177, 184)"
        },
        {
          "fill": "rgb(175, 177, 184)"
        },
        {
          "fill": "rgb(175, 177, 184)"
        },
        {
          "fill": "rgb(175, 177, 184)"
        },
        {
          "fill": "rgb(175, 177, 184)"
        },
        {
          "fill": "rgb(175, 177, 184)"
        },
        {
          "fill": "rgb(175, 177, 184)"
        },
        {
          "fill": "rgb(175, 177, 184)"
        }
      ],
      "properties": {
        "order": 117,
        "id": 35,
        "name": "logo-5",
        "prevSize": 32
      },
      "setIdx": 0,
      "setId": 2,
      "iconIdx": 10
    },
    {
      "icon": {
        "paths": [
          "M1018.093 470.778c-9.512-13.453-14.061-29.35-12.982-45.354v-65.759c0-20.157 4.303-35.476 12.909-45.955 8.606-10.481 23.386-15.699 44.341-15.654 19.693 0 33.669 4.458 41.936 13.378 9.016 11.38 13.401 25.297 12.397 39.335v15.451h-35.226v-15.654c0.125-5.122-0.216-10.247-1.019-15.319-0.507-3.466-2.282-6.674-5.034-9.098-3.616-2.61-8.174-3.878-12.761-3.545-4.826-0.33-9.614 1.006-13.421 3.748-3.067 2.683-5.113 6.201-5.835 10.033-1.010 5.368-1.472 10.809-1.386 16.257v79.806c-0.555 7.698 0.999 15.401 4.524 22.41 1.75 2.369 4.185 4.248 7.029 5.429s5.989 1.616 9.089 1.258c4.512 0.341 8.988-0.956 12.47-3.611 2.869-2.612 4.717-6.023 5.252-9.701 0.821-5.293 1.188-10.64 1.092-15.988v-16.188h35.226v14.784c0.99 14.632-3.29 29.157-12.179 41.34-8.096 9.767-21.879 14.65-42.155 14.65-20.273 0-35.59-5.218-44.269-16.054z",
          "M1164.757 471.447c-8.897-10.235-13.346-25.152-13.346-44.885v-69.17c0-19.533 4.449-34.318 13.346-44.351 8.897-10.035 23.775-15.030 44.633-14.985 20.712 0 35.517 4.995 44.414 14.985 8.897 10.033 13.419 24.817 13.419 44.351v69.17c0 19.533-4.522 34.518-13.565 44.819s-23.775 15.451-44.269 15.451c-20.494 0-35.663-5.218-44.633-15.385zM1225.799 454.859c3.186-6.413 4.638-13.435 4.23-20.471v-84.689c0.41-6.899-1.017-13.788-4.157-20.068-1.786-2.421-4.28-4.33-7.195-5.514-2.913-1.183-6.133-1.591-9.287-1.176-3.165-0.403-6.39 0.009-9.314 1.19-2.922 1.181-5.429 3.086-7.241 5.5-3.206 6.262-4.66 13.16-4.23 20.068v85.090c-0.444 7.038 1.010 14.070 4.23 20.471 2.053 2.157 4.588 3.887 7.43 5.072s5.93 1.798 9.052 1.798c3.122 0 6.21-0.612 9.052-1.798s5.377-2.915 7.43-5.072v-0.4z",
          "M1309.594 300.073h37.924l28.515 127.618 29.173-127.618h36.903l3.721 184.204h-27.277l-2.917-128.020-28.151 128.020h-21.879l-29.173-128.489-2.697 128.489h-27.568l3.427-184.204z",
          "M1488.352 300.073h59.073c34.033 0 51.050 17.435 51.050 52.304 0 33.401-17.918 50.076-53.749 50.033h-20.13v81.868h-36.464l0.218-184.204zM1538.819 378.798c3.602 0.419 7.261 0.116 10.725-0.89 3.463-1.004 6.647-2.685 9.33-4.929 4.182-6.221 6.026-13.528 5.252-20.803 0.191-5.618-0.398-11.237-1.75-16.721-0.521-1.832-1.434-3.55-2.685-5.054-1.254-1.504-2.819-2.765-4.608-3.709-5.063-2.225-10.659-3.238-16.263-2.942h-14.149v55.048h14.149z",
          "M1651.050 300.073h39.165l40.182 184.204h-33.983l-7.951-42.471h-34.932l-8.169 42.471h-34.495l40.184-184.204zM1684.526 420.468l-13.637-77.321-13.64 77.321h27.277z",
          "M1762.85 300.073h25.527l48.863 105.078v-105.078h30.265v184.204h-24.285l-49.157-109.693v109.693h-31.287l0.073-184.204z",
          "M1938.4 414.046l-40.623-113.707h34.204l24.797 73.041 23.265-73.041h33.473l-40.111 113.707v70.23h-35.005v-70.23z",
          "M1074.394 564.822v9.632h-29.755v74.85h-12.472v-74.85h-29.901v-9.632h72.128z",
          "M1167.681 649.312h-9.628c-0.976 0.055-1.941-0.232-2.699-0.803-0.728-0.489-1.286-1.165-1.604-1.939l-8.604-20.068h-41.281l-8.604 20.068c-0.246 0.837-0.694 1.616-1.313 2.273-0.765 0.56-1.723 0.847-2.699 0.803h-9.628l36.466-84.485h12.691l36.903 84.15zM1107.294 617.938h34.422l-14.586-34.381c-1.076-2.601-1.977-5.259-2.699-7.96-0.51 1.604-0.947 3.143-1.386 4.481l-1.311 3.545-14.441 34.315z",
          "M1230.543 641.010c2.285 0.112 4.572 0.112 6.856 0 1.971-0.187 3.923-0.521 5.835-1.004 1.786-0.4 3.541-0.915 5.25-1.538 1.607-0.601 3.211-1.338 4.888-2.073v-18.999h-14.586c-0.362 0.018-0.721-0.032-1.060-0.146-0.339-0.116-0.649-0.294-0.908-0.523-0.241-0.191-0.43-0.428-0.555-0.694-0.127-0.266-0.187-0.555-0.175-0.844v-6.49h28.297v32.379c-2.31 1.516-4.749 2.858-7.293 4.014-2.599 1.176-5.309 2.139-8.094 2.876-2.983 0.803-6.032 1.386-9.116 1.739-3.536 0.36-7.091 0.539-10.65 0.535-6.29 0.050-12.529-1.019-18.377-3.143-5.459-2.014-10.42-5.018-14.586-8.831-4.060-3.853-7.257-8.397-9.407-13.378-2.298-5.6-3.436-11.544-3.354-17.529-0.077-6.019 1.035-12.004 3.281-17.661 2.098-5.006 5.3-9.562 9.407-13.378 4.162-3.8 9.125-6.783 14.586-8.763 6.244-2.155 12.873-3.222 19.545-3.145 3.395-0.005 6.786 0.241 10.138 0.735 2.965 0.444 5.873 1.161 8.679 2.141 2.551 0.878 4.995 2 7.293 3.345 2.235 1.32 4.355 2.797 6.344 4.415l-3.5 5.218c-0.275 0.478-0.683 0.878-1.183 1.161s-1.074 0.437-1.661 0.446c-0.808-0.025-1.591-0.257-2.262-0.669-1.092-0.535-2.26-1.204-3.573-2.007-1.552-0.892-3.186-1.654-4.886-2.276-2.175-0.799-4.419-1.424-6.711-1.873-3.054-0.517-6.155-0.762-9.262-0.735-4.813-0.050-9.589 0.746-14.077 2.342-4.057 1.493-7.714 3.775-10.72 6.69-3.022 3.036-5.332 6.61-6.783 10.502-3.256 9.15-3.256 19.012 0 28.162 1.597 3.973 4.082 7.598 7.293 10.638 2.992 2.897 6.622 5.177 10.65 6.688 4.635 1.461 9.553 2.030 14.438 1.673z",
          "M1346.79 639.672h39.822v9.632h-52.001v-84.482h12.472l-0.294 74.85z",
          "M1428.039 649.305h-12.472v-84.482h12.472v84.482z",
          "M1474.421 565.218c0.742 0.389 1.386 0.912 1.896 1.538l53.312 63.686c-0.073-1.004-0.073-2.009 0-3.011 0-0.938 0-1.873 0-2.742v-60.207h10.866v84.824h-6.271c-0.928 0.068-1.861-0.093-2.699-0.469-0.758-0.421-1.424-0.965-1.968-1.607l-53.239-63.615c0 1.004 0 1.939 0 2.876 0 0.935 0 1.805 0 2.608v60.207h-10.429v-84.489h6.492c0.703 0.002 1.399 0.139 2.041 0.4z",
          "M1632.308 564.822v9.298h-44.196v27.894h35.808v8.963h-35.808v28.829h44.196v9.298h-57.030v-84.282h57.030z",
          "M325.484 43.078l553.756 144.217v505.362l-553.756-144.152v-505.427zM289.967 0v573.055l624.715 162.745v-572.988l-624.715-162.813z",
          "M624.788 1001.816l-624.788-162.877v-572.987l624.788 162.811v573.053z",
          "M300.323 36.589l546.536 142.41-232.428 213.246-546.607-142.477 232.499-213.178zM289.967 0l-289.967 265.956 624.788 162.811 289.894-265.956-624.715-162.811z",
          "M659.945 969.578l254.742-233.709-254.742-66.419v300.128z"
        ],
        "attrs": [
          {
            "fill": "rgb(175, 177, 184)"
          },
          {
            "fill": "rgb(175, 177, 184)"
          },
          {
            "fill": "rgb(175, 177, 184)"
          },
          {
            "fill": "rgb(175, 177, 184)"
          },
          {
            "fill": "rgb(175, 177, 184)"
          },
          {
            "fill": "rgb(175, 177, 184)"
          },
          {
            "fill": "rgb(175, 177, 184)"
          },
          {
            "fill": "rgb(175, 177, 184)"
          },
          {
            "fill": "rgb(175, 177, 184)"
          },
          {
            "fill": "rgb(175, 177, 184)"
          },
          {
            "fill": "rgb(175, 177, 184)"
          },
          {
            "fill": "rgb(175, 177, 184)"
          },
          {
            "fill": "rgb(175, 177, 184)"
          },
          {
            "fill": "rgb(175, 177, 184)"
          },
          {
            "fill": "rgb(175, 177, 184)"
          },
          {
            "fill": "rgb(175, 177, 184)"
          },
          {
            "fill": "rgb(175, 177, 184)"
          },
          {
            "fill": "rgb(175, 177, 184)"
          }
        ],
        "width": 2025,
        "isMulticolor": false,
        "isMulticolor2": false,
        "grid": 0,
        "tags": [
          "logo 6"
        ],
        "colorPermutations": {
          "1171171171175177184125525525513315024313333331": [
            {
              "f": 3
            },
            {
              "f": 3
            },
            {
              "f": 3
            },
            {
              "f": 3
            },
            {
              "f": 3
            },
            {
              "f": 3
            },
            {
              "f": 3
            },
            {
              "f": 3
            },
            {
              "f": 3
            },
            {
              "f": 3
            },
            {
              "f": 3
            },
            {
              "f": 3
            },
            {
              "f": 3
            },
            {
              "f": 3
            },
            {
              "f": 3
            },
            {
              "f": 3
            },
            {
              "f": 3
            },
            {
              "f": 3
            }
          ]
        }
      },
      "attrs": [
        {
          "fill": "rgb(175, 177, 184)"
        },
        {
          "fill": "rgb(175, 177, 184)"
        },
        {
          "fill": "rgb(175, 177, 184)"
        },
        {
          "fill": "rgb(175, 177, 184)"
        },
        {
          "fill": "rgb(175, 177, 184)"
        },
        {
          "fill": "rgb(175, 177, 184)"
        },
        {
          "fill": "rgb(175, 177, 184)"
        },
        {
          "fill": "rgb(175, 177, 184)"
        },
        {
          "fill": "rgb(175, 177, 184)"
        },
        {
          "fill": "rgb(175, 177, 184)"
        },
        {
          "fill": "rgb(175, 177, 184)"
        },
        {
          "fill": "rgb(175, 177, 184)"
        },
        {
          "fill": "rgb(175, 177, 184)"
        },
        {
          "fill": "rgb(175, 177, 184)"
        },
        {
          "fill": "rgb(175, 177, 184)"
        },
        {
          "fill": "rgb(175, 177, 184)"
        },
        {
          "fill": "rgb(175, 177, 184)"
        },
        {
          "fill": "rgb(175, 177, 184)"
        }
      ],
      "properties": {
        "order": 118,
        "id": 34,
        "name": "logo-6",
        "prevSize": 32
      },
      "setIdx": 0,
      "setId": 2,
      "iconIdx": 11
    },
    {
      "icon": {
        "paths": [
          "M984.741 707.123l-270.182-272.162 29.986-147.696c7.739 3.021 15.964 4.599 24.269 4.659h0.205c38.153 0.451 69.446-30.111 69.9-68.264 0.452-38.153-30.113-69.446-68.266-69.898-38.153-0.451-69.446 30.111-69.898 68.264-0.097 8.164 1.254 16.28 3.992 23.972l-158.72 19.371-258.902-260.25c-3.176-3.241-7.512-5.084-12.048-5.12-4.481 0.023-8.771 1.807-11.947 4.966l-48.402 48.128c-6.662 6.664-6.662 17.468 0 24.132l26.045 26.419c-100.899 185.533-68.127 415.289 80.622 565.213 1.365 1.306 2.948 2.363 4.677 3.123-1.075 5.775-1.637 11.636-1.674 17.51v197.974h-204.8c-47.104 0.056-85.278 38.229-85.333 85.333v34.133c0 9.425 7.642 17.067 17.067 17.067h785.066c9.425 0 17.067-7.642 17.067-17.067v-34.133c-0.056-47.104-38.229-85.277-85.333-85.333h-204.8v-87.741c32.082 6.729 64.771 10.16 97.552 10.24 78.661-0.085 156.069-19.694 225.28-57.070l26.181 26.334c3.176 3.24 7.512 5.083 12.050 5.12 4.479-0.023 8.77-1.808 11.946-4.966l48.402-48.128c6.662-6.665 6.662-17.468 0-24.133zM744.954 199.458c13.366-13.294 34.978-13.234 48.271 0.13 13.294 13.366 13.234 34.978-0.13 48.271-6.399 6.363-15.054 9.934-24.079 9.933h-0.102c-18.85-0.098-34.055-15.458-33.957-34.31 0.048-9.024 3.666-17.66 10.063-24.025h-0.066zM704.78 311.603l-19.149 94.259-37.614-37.837 56.763-56.422zM685.392 282.744l-61.44 61.082-47.531-47.787 108.971-13.294zM768.132 921.6c28.277 0 51.2 22.923 51.2 51.2v17.067h-750.934v-17.067c0-28.277 22.923-51.2 51.2-51.2h648.534zM529.197 853.333v34.134h-170.666v-34.134h170.666zM358.532 819.2v-129.707c0-41.403 38.28-75.093 85.333-75.093s85.333 33.69 85.333 75.093v129.707h-170.666zM563.332 764.928v-75.435c0-60.227-53.59-109.226-119.467-109.226-42.594-0.654-82.423 21.027-104.994 57.155-129.848-136.761-159.087-340.645-72.916-508.388l595.259 598.671c-91.917 46.759-197.285 59.923-297.882 37.222zM924.581 743.048l-673.826-677.785 24.149-24.064 253.918 255.352c0.118 0 0.187 0.222 0.307 0.307l419.669 422.126-24.218 24.064z",
          "M444.017 648.533h-0.154c-28.278-0.042-51.235 22.845-51.278 51.124-0.042 28.277 22.845 51.234 51.124 51.276h0.154c28.277 0.042 51.234-22.845 51.276-51.122 0.042-28.278-22.845-51.235-51.122-51.278zM455.962 711.834c-3.212 3.195-7.566 4.984-12.099 4.966-9.425-0.050-17.026-7.73-16.978-17.155 0.023-4.511 1.833-8.83 5.031-12.012 3.176-3.16 7.466-4.943 11.947-4.966 9.425 0.048 17.026 7.728 16.976 17.153-0.023 4.511-1.833 8.83-5.031 12.013h0.154z"
        ],
        "attrs": [
          {
            "fill": "rgb(33, 33, 33)"
          },
          {
            "fill": "rgb(33, 150, 243)"
          }
        ],
        "isMulticolor": true,
        "isMulticolor2": false,
        "grid": 0,
        "tags": [
          "antenna"
        ],
        "colorPermutations": {
          "1171171171175177184125525525513315024313333331": [
            {
              "f": 0
            },
            {
              "f": 2
            }
          ]
        }
      },
      "attrs": [
        {
          "fill": "rgb(33, 33, 33)"
        },
        {
          "fill": "rgb(33, 150, 243)"
        }
      ],
      "properties": {
        "order": 66,
        "id": 20,
        "name": "antenna",
        "prevSize": 32
      },
      "setIdx": 0,
      "setId": 2,
      "iconIdx": 25
    },
    {
      "icon": {
        "paths": [
          "M1023.172 144.77c-2.013-6.162-7.338-10.666-13.771-11.606l-61.133-8.892-27.358-55.399c-5.734-11.674-24.867-11.674-30.602 0l-27.358 55.399-61.134 8.894c-6.434 0.938-11.758 5.428-13.79 11.606-1.995 6.179-0.342 12.971 4.318 17.494l44.254 43.129-10.443 60.894c-1.093 6.4 1.536 12.869 6.776 16.693 5.307 3.858 12.235 4.334 17.987 1.296l54.683-28.758 54.683 28.758c2.491 1.314 5.24 1.962 7.954 1.962 3.533 0 7.067-1.091 10.037-3.259 5.256-3.822 7.883-10.293 6.776-16.693l-10.443-60.896 44.254-43.128c4.636-4.541 6.309-11.317 4.311-17.494zM944.359 187.233c-4.010 3.909-5.854 9.574-4.898 15.104l6.11 35.653-32.016-16.827c-2.493-1.315-5.222-1.963-7.955-1.963-2.73 0-5.443 0.648-7.954 1.963l-32.019 16.827 6.11-35.653c0.955-5.53-0.888-11.178-4.898-15.104l-25.925-25.258 35.806-5.206c5.565-0.802 10.36-4.301 12.853-9.336l16.008-32.427 16.008 32.427c2.491 5.034 7.288 8.534 12.853 9.336l35.806 5.206-25.891 25.258z",
          "M836.27 656.71h-34.134v34.134h34.134v-34.134z",
          "M836.27 724.979h-34.134v34.134h34.134v-34.134z",
          "M870.406 690.845h-34.134v34.134h34.134v-34.134z",
          "M802.142 690.845h-34.134v34.134h34.134v-34.134z",
          "M716.806 844.447h-34.134v34.134h34.134v-34.134z",
          "M716.806 912.715h-34.134v34.134h34.134v-34.134z",
          "M750.934 878.582h-34.134v34.134h34.134v-34.134z",
          "M682.67 878.582h-34.134v34.134h34.134v-34.134z",
          "M511.999 776.18h-34.134v34.134h34.134v-34.134z",
          "M511.999 844.447h-34.134v34.134h34.134v-34.134z",
          "M546.134 810.313h-34.134v34.134h34.134v-34.134z",
          "M477.863 810.313h-34.134v34.134h34.134v-34.134z",
          "M187.727 195.903h-34.134v34.134h34.134v-34.134z",
          "M187.727 264.173h-34.134v34.134h34.134v-34.134z",
          "M221.863 230.039h-34.134v34.134h34.134v-34.134z",
          "M153.591 230.039h-34.134v34.134h34.134v-34.134z",
          "M790.872 453.102c-9.198-12.408-22.698-20.394-38.024-22.546-15.395-2.184-30.585 1.859-42.873 11.264l-40.074 30.72-60.726 45.347-43.453-17.306c77.483-34.765 131.638-112.267 131.638-202.244 0-122.336-99.928-221.869-222.757-221.869-122.83 0-222.757 99.533-222.757 221.869 0 44.341 13.261 85.574 35.841 120.27l-88.441-0.768c-0.053 0-0.102 0-0.154 0-0.275 0-0.494 0.136-0.75 0.154-1.69 0.069-3.347 0.411-4.966 0.99-0.41 0.154-0.835 0.24-1.227 0.426-0.205 0.086-0.411 0.102-0.614 0.205l-103.46 51.080c-0.018 0-0.034 0-0.034 0.016l-60.589 29.137c-0.666 0.29-1.348 0.682-2.014 1.126-24.15 16.075-32.376 47.65-19.148 73.454 7.048 13.722 19.046 23.827 33.792 28.451 5.684 1.773 11.486 2.645 17.254 2.645 9.268 0 18.45-2.269 26.862-6.757l44.409-23.621 72.449-37.411 43.419-0.256-174.135 173.299c-0.016 0.018-0.034 0.018-0.052 0.034l-42.839 42.667c-10.12 10.070-15.684 23.432-15.684 37.685 0 14.234 5.564 27.63 15.684 37.718 10.394 10.342 24.064 15.531 37.735 15.531 13.688 0 27.34-5.189 37.769-15.531l42.053-41.883 55.707-41.592 28.827 28.706-56.374 56.134c-0.016 0.018-0.034 0.018-0.051 0.034l-42.839 42.666c-10.12 10.070-15.684 23.434-15.684 37.685 0 14.235 5.564 27.63 15.684 37.72 10.394 10.341 24.082 15.53 37.753 15.53s27.358-5.189 37.768-15.53l111.413-110.934c0.018-0.018 0.018-0.034 0.034-0.053l32.309-32-0.12-0.12c0.203-0.203 0.494-0.274 0.699-0.494l165.312-181.062 111.072 15.805c0.802 0.12 1.603 0.17 2.405 0.17 2.067 0 4.062-0.494 5.99-1.229 0.565-0.203 1.058-0.477 1.589-0.749 0.614-0.309 1.261-0.478 1.843-0.87l102.829-68.267c0.376-0.256 0.579-0.666 0.938-0.938 0.41-0.325 0.922-0.461 1.296-0.821l40.686-38.11c21.17-19.836 24.089-52.331 6.782-75.576zM68.173 568.645c-5.546 2.97-11.844 3.566-17.868 1.656-5.974-1.859-10.82-5.941-13.654-11.453-5.154-10.035-2.168-22.256 6.86-28.859l42.037-20.225 14.37 42.002-31.744 16.88zM180.081 510.158l-49.545 25.6-14.044-41.064 64.855-32.019-1.265 47.483zM663.262 298.304c0 29.389-7.014 57.107-19.166 81.904l-133.805-60.776c-1.4-18.346-10.922-34.406-25.224-44.408l46.848-155.531c76.086 24.202 131.347 95.183 131.347 178.81zM286.016 298.304c0-103.512 84.618-187.737 188.622-187.737 8.091 0 16.008 0.682 23.843 1.672l-45.825 152.119c-0.613-0.019-1.194-0.189-1.826-0.189-33.043 0-59.923 26.795-59.923 59.734s26.88 59.736 59.923 59.736c22.221 0 41.421-12.27 51.781-30.227l123.598 56.152c-34.39 46.285-89.432 76.477-151.572 76.477-104.003 0-188.621-84.225-188.621-187.737zM476.619 323.904c0 14.115-11.573 25.601-25.789 25.601s-25.789-11.486-25.789-25.601c0-14.114 11.573-25.6 25.789-25.6s25.789 11.486 25.789 25.6zM78.875 804.681c-7.56 7.491-19.798 7.475-27.34 0.018-3.636-3.637-5.632-8.43-5.632-13.534 0-5.086 1.996-9.882 5.632-13.482l30.786-30.672 27.239 27.121-30.685 30.549zM181.719 924.15c-7.56 7.493-19.814 7.51-27.358 0.019-3.637-3.637-5.633-8.43-5.633-13.534 0-5.086 1.997-9.883 5.633-13.483l30.806-30.686 27.256 27.121-30.704 30.563zM293.132 813.147c-0.018 0.016-0.034 0.016-0.051 0.034l-56.475 56.321-27.256-27.121 56.422-56.166c0 0 0 0 0-0.016 0.018-0.018 0.034-0.018 0.051-0.034 1.28-1.28 2.083-2.816 2.869-4.334 0.222-0.443 0.648-0.819 0.837-1.28 0.53-1.314 0.613-2.73 0.819-4.114 0.102-0.787 0.445-1.518 0.445-2.323 0-1.144-0.411-2.251-0.648-3.379-0.205-1.024-0.205-2.066-0.598-3.054-0.648-1.603-1.758-3.019-2.918-4.403-0.323-0.376-0.443-0.854-0.802-1.213 0 0 0 0-0.018 0-0.019-0.016-0.019-0.053-0.035-0.067l-51.422-51.201c-0.546-0.546-1.246-0.768-1.861-1.227-0.903-0.701-1.773-1.349-2.781-1.845-0.973-0.478-1.963-0.768-2.987-1.042-1.091-0.309-2.149-0.547-3.293-0.632-1.043-0.069-2.014 0.034-3.054 0.154-1.144 0.136-2.218 0.29-3.328 0.648-1.077 0.342-2.030 0.87-3.021 1.434-0.632 0.358-1.347 0.478-1.946 0.922l-56.747 42.361-28.826-28.707 76.767-76.357 139.54 137.236-29.683 29.406zM511.333 588.613c-0.493-0.067-0.955 0.12-1.45 0.086-1.246-0.067-2.44 0.018-3.685 0.222-0.973 0.17-1.894 0.358-2.817 0.682-1.091 0.376-2.082 0.888-3.090 1.502-0.955 0.579-1.826 1.194-2.662 1.962-0.41 0.358-0.904 0.53-1.28 0.938l-150.344 164.664-138.499-136.212 90.661-90.182c6.674-6.656 6.707-17.459 0.051-24.15-3.362-3.362-7.782-5.018-12.202-5v-0.016l-71 0.427 0.888-51.44 99.329 0.854c40.483 41.405 96.941 67.227 159.405 67.227 13.995 0 27.649-1.45 40.942-3.926 1.28 1.024 2.542 2.067 4.149 2.715l77.109 30.72 4.88 24.269 5.701 28.33-96.086-13.67zM640.65 594.314l-10.018-49.853 46.285-34.561 30.294 40.21-66.561 44.205zM760.766 503.722l-26.813 25.123-29.798-39.562 26.606-20.394c4.965-3.822 11.23-5.376 17.374-4.574 6.178 0.87 11.64 4.096 15.36 9.096 6.93 9.336 5.752 22.358-2.73 30.31z",
          "M435.269 593.409l-68.576-68.267c-6.638-6.638-17.426-6.638-24.082 0l-68.558 68.267c-3.208 3.226-5.018 7.56-5.018 12.099 0 4.541 1.792 8.893 5.018 12.101l68.558 68.267c3.328 3.31 7.698 4.966 12.050 4.966s8.72-1.656 12.032-4.966l68.576-68.267c3.208-3.208 5.034-7.56 5.034-12.101 0-4.539-1.81-8.891-5.034-12.099zM354.661 649.696l-44.374-44.187 44.374-44.186 44.39 44.186-44.39 44.187z",
          "M549.259 162.265l-8.245 33.145c2.27 0.563 55.605 14.456 55.605 68.763h34.134c-0.001-64.55-53.301-94.894-81.494-101.908z",
          "M630.749 298.304h-34.134v34.134h34.134v-34.134z"
        ],
        "attrs": [
          {
            "fill": "rgb(33, 150, 243)"
          },
          {
            "fill": "rgb(33, 150, 243)"
          },
          {
            "fill": "rgb(33, 150, 243)"
          },
          {
            "fill": "rgb(33, 150, 243)"
          },
          {
            "fill": "rgb(33, 150, 243)"
          },
          {
            "fill": "rgb(33, 150, 243)"
          },
          {
            "fill": "rgb(33, 150, 243)"
          },
          {
            "fill": "rgb(33, 150, 243)"
          },
          {
            "fill": "rgb(33, 150, 243)"
          },
          {
            "fill": "rgb(33, 150, 243)"
          },
          {
            "fill": "rgb(33, 150, 243)"
          },
          {
            "fill": "rgb(33, 150, 243)"
          },
          {
            "fill": "rgb(33, 150, 243)"
          },
          {
            "fill": "rgb(33, 150, 243)"
          },
          {
            "fill": "rgb(33, 150, 243)"
          },
          {
            "fill": "rgb(33, 150, 243)"
          },
          {
            "fill": "rgb(33, 150, 243)"
          },
          {
            "fill": "rgb(33, 33, 33)"
          },
          {
            "fill": "rgb(33, 33, 33)"
          },
          {
            "fill": "rgb(33, 33, 33)"
          },
          {
            "fill": "rgb(33, 33, 33)"
          }
        ],
        "isMulticolor": true,
        "isMulticolor2": false,
        "grid": 0,
        "tags": [
          "astronaut"
        ],
        "colorPermutations": {
          "1171171171175177184125525525513315024313333331": [
            {
              "f": 2
            },
            {
              "f": 2
            },
            {
              "f": 2
            },
            {
              "f": 2
            },
            {
              "f": 2
            },
            {
              "f": 2
            },
            {
              "f": 2
            },
            {
              "f": 2
            },
            {
              "f": 2
            },
            {
              "f": 2
            },
            {
              "f": 2
            },
            {
              "f": 2
            },
            {
              "f": 2
            },
            {
              "f": 2
            },
            {
              "f": 2
            },
            {
              "f": 2
            },
            {
              "f": 2
            },
            {
              "f": 0
            },
            {
              "f": 0
            },
            {
              "f": 0
            },
            {
              "f": 0
            }
          ]
        }
      },
      "attrs": [
        {
          "fill": "rgb(33, 150, 243)"
        },
        {
          "fill": "rgb(33, 150, 243)"
        },
        {
          "fill": "rgb(33, 150, 243)"
        },
        {
          "fill": "rgb(33, 150, 243)"
        },
        {
          "fill": "rgb(33, 150, 243)"
        },
        {
          "fill": "rgb(33, 150, 243)"
        },
        {
          "fill": "rgb(33, 150, 243)"
        },
        {
          "fill": "rgb(33, 150, 243)"
        },
        {
          "fill": "rgb(33, 150, 243)"
        },
        {
          "fill": "rgb(33, 150, 243)"
        },
        {
          "fill": "rgb(33, 150, 243)"
        },
        {
          "fill": "rgb(33, 150, 243)"
        },
        {
          "fill": "rgb(33, 150, 243)"
        },
        {
          "fill": "rgb(33, 150, 243)"
        },
        {
          "fill": "rgb(33, 150, 243)"
        },
        {
          "fill": "rgb(33, 150, 243)"
        },
        {
          "fill": "rgb(33, 150, 243)"
        },
        {
          "fill": "rgb(33, 33, 33)"
        },
        {
          "fill": "rgb(33, 33, 33)"
        },
        {
          "fill": "rgb(33, 33, 33)"
        },
        {
          "fill": "rgb(33, 33, 33)"
        }
      ],
      "properties": {
        "order": 67,
        "id": 19,
        "name": "astronaut",
        "prevSize": 32
      },
      "setIdx": 0,
      "setId": 2,
      "iconIdx": 26
    },
    {
      "icon": {
        "paths": [
          "M1001.492 489.64c-0.056-270.476-219.367-489.695-489.852-489.64-270.476 0.055-489.695 219.374-489.64 489.851 0.047 213.055 137.82 401.633 340.781 466.438 1.937 0.61 3.953 0.922 5.977 0.914 3.859-0.007 7.641-1.039 10.96-3 4.321-2.554 7.547-6.617 9.062-11.406l123.68-392c33.812-0.171 61.079-27.726 60.899-61.531-0.173-33.812-27.718-61.079-61.531-60.906-9.095 0.038-18.071 2.133-26.242 6.125l-163.391-163.414c-8.11-7.828-21.024-7.601-28.852 0.5-7.641 7.914-7.641 20.445 0 28.359l163.305 163.492c-12.531 25.578-5.367 56.453 17.164 73.89l-117.843 373.532c-232.891-85.789-352.141-344.125-266.351-577.015 85.79-232.891 344.124-352.141 577.016-266.352s352.14 344.133 266.351 577.016c-41.914 113.781-128.031 205.796-238.788 255.149l-12.736-59.977c-2.327-11.023-13.163-18.071-24.187-15.734-3.477 0.743-6.703 2.376-9.359 4.743l-122.781 109.618c-8.423 7.491-9.172 20.389-1.672 28.812 2.437 2.734 5.562 4.765 9.062 5.882l156.757 50.031c10.727 3.445 22.219-2.453 25.664-13.188 1.094-3.391 1.274-7 0.54-10.484l-12.516-58.851c181.258-76.415 298.945-254.149 298.524-450.853zM511.75 469.235c11.265 0 20.407 9.14 20.407 20.405 0 11.274-9.141 20.407-20.407 20.407-11.273 0-20.405-9.133-20.405-20.407 0-11.265 9.133-20.405 20.405-20.405zM578.961 944.883l69.891-62.344 19.289 90.89-89.18-28.546z",
          "M491.343 101.922v40.812c0 11.274 9.133 20.406 20.405 20.406 11.267 0 20.407-9.133 20.407-20.406v-40.812c0-11.266-9.14-20.406-20.407-20.406-11.273 0-20.405 9.141-20.405 20.406z",
          "M124.031 469.233c-11.274 0-20.406 9.141-20.406 20.407 0 11.273 9.133 20.407 20.406 20.407h40.812c11.274 0 20.407-9.134 20.407-20.407 0-11.265-9.133-20.407-20.407-20.407h-40.812z",
          "M899.461 510.047c11.274 0 20.407-9.134 20.407-20.407 0-11.265-9.133-20.407-20.407-20.407h-40.812c-11.265 0-20.405 9.141-20.405 20.407 0 11.273 9.14 20.407 20.405 20.407h40.812z"
        ],
        "attrs": [
          {
            "fill": "rgb(33, 33, 33)"
          },
          {
            "fill": "rgb(33, 150, 243)"
          },
          {
            "fill": "rgb(33, 150, 243)"
          },
          {
            "fill": "rgb(33, 150, 243)"
          }
        ],
        "isMulticolor": true,
        "isMulticolor2": false,
        "grid": 0,
        "tags": [
          "clock"
        ],
        "colorPermutations": {
          "1171171171175177184125525525513315024313333331": [
            {
              "f": 0
            },
            {
              "f": 2
            },
            {
              "f": 2
            },
            {
              "f": 2
            }
          ]
        }
      },
      "attrs": [
        {
          "fill": "rgb(33, 33, 33)"
        },
        {
          "fill": "rgb(33, 150, 243)"
        },
        {
          "fill": "rgb(33, 150, 243)"
        },
        {
          "fill": "rgb(33, 150, 243)"
        }
      ],
      "properties": {
        "order": 83,
        "id": 12,
        "name": "clock",
        "prevSize": 32
      },
      "setIdx": 0,
      "setId": 2,
      "iconIdx": 33
    },
    {
      "icon": {
        "paths": [
          "M477.618 478.868h34.115v153.52h-34.115v-153.52z",
          "M614.078 547.098h34.115v85.289h-34.115v-85.289z",
          "M341.153 598.272h34.117v34.115h-34.117v-34.115z",
          "M238.807 581.214h34.115v51.172h-34.115v-51.172z",
          "M51.173 905.311h818.772c28.259 0 51.172-22.913 51.172-51.174v-68.231c0-28.261-22.913-51.174-51.172-51.174h-17.058v-425.386l96.891-91.786c22.489 11.087 49.708 4.356 64.424-15.958 14.727-20.306 12.661-48.266-4.88-66.19s-45.444-20.598-66.074-6.33c-20.622 14.276-27.952 41.336-17.357 64.066l-73.004 69.206v-39.355c0-28.259-22.913-51.172-51.174-51.172h-682.309c-28.26 0-51.173 22.913-51.173 51.172v511.732h-17.058c-28.26 0-51.173 22.913-51.173 51.174v68.231c0 28.261 22.913 51.174 51.173 51.174zM972.291 154.77c9.419 0 17.057 7.638 17.057 17.058 0 9.419-7.638 17.057-17.057 17.057-9.421 0-17.058-7.638-17.058-17.057 0-9.421 7.638-17.058 17.058-17.058zM102.346 223.001c0-9.419 7.638-17.057 17.058-17.057h682.309c9.421 0 17.058 7.638 17.058 17.057v71.638l-34.115 32.417v-69.939c0-9.419-7.638-17.057-17.058-17.057h-614.078c-9.42 0-17.058 7.638-17.058 17.057v426.443c0 9.421 7.638 17.058 17.058 17.058h614.078c9.421 0 17.058-7.638 17.058-17.058v-309.579l34.115-32.325v393.077h-716.425v-511.732zM255.865 444.752c-23.079-0.067-43.343 15.309-49.481 37.554-6.14 22.247 3.365 45.843 23.213 57.62 19.839 11.777 45.117 8.82 61.7-7.229l59.294 29.75c6.889 3.449 15.242 1.833 20.364-3.922l126.043-141.801 123.901 92.842c6.647 4.981 15.925 4.449 21.956-1.257l107.685-102.005v260.197h-579.963v-392.328h579.963v85.131l-120.687 114.29-124.943-93.668c-7.096-5.313-17.083-4.314-22.98 2.307l-127.775 143.767-47.767-23.887c0.35-2.049 0.566-4.115 0.65-6.189 0-28.259-22.913-51.172-51.174-51.172zM272.924 495.925c0 9.421-7.638 17.058-17.058 17.058-9.419 0-17.057-7.638-17.057-17.058 0-9.419 7.638-17.057 17.057-17.057 9.421 0 17.058 7.638 17.058 17.057zM375.27 768.848h170.578v17.058c0 9.419-7.638 17.057-17.058 17.057h-136.461c-9.421 0-17.058-7.638-17.058-17.057v-17.058zM34.115 785.907c0-9.421 7.638-17.058 17.058-17.058h289.981v17.058c0 28.259 22.913 51.174 51.174 51.174h136.461c28.261 0 51.174-22.914 51.174-51.174v-17.058h289.982c9.419 0 17.057 7.638 17.057 17.058v68.231c0 9.421-7.638 17.058-17.057 17.058h-818.772c-9.42 0-17.058-7.638-17.058-17.058v-68.231z"
        ],
        "attrs": [
          {
            "fill": "rgb(33, 150, 243)"
          },
          {
            "fill": "rgb(33, 150, 243)"
          },
          {
            "fill": "rgb(33, 150, 243)"
          },
          {
            "fill": "rgb(33, 150, 243)"
          },
          {
            "fill": "rgb(33, 33, 33)"
          }
        ],
        "isMulticolor": true,
        "isMulticolor2": false,
        "grid": 0,
        "tags": [
          "diagram"
        ],
        "colorPermutations": {
          "1171171171175177184125525525513315024313333331": [
            {
              "f": 2
            },
            {
              "f": 2
            },
            {
              "f": 2
            },
            {
              "f": 2
            },
            {
              "f": 0
            }
          ]
        }
      },
      "attrs": [
        {
          "fill": "rgb(33, 150, 243)"
        },
        {
          "fill": "rgb(33, 150, 243)"
        },
        {
          "fill": "rgb(33, 150, 243)"
        },
        {
          "fill": "rgb(33, 150, 243)"
        },
        {
          "fill": "rgb(33, 33, 33)"
        }
      ],
      "properties": {
        "order": 78,
        "id": 11,
        "name": "diagram",
        "prevSize": 32
      },
      "setIdx": 0,
      "setId": 2,
      "iconIdx": 34
    },
    {
      "icon": {
        "paths": [
          "M682.537 170.026h93.481v-162.816c-16.128-2.219-71.593-7.211-136.192-7.211-134.784 0-227.115 84.778-227.115 240.598v143.402h-148.736v182.016h148.736v457.984h182.356v-457.943h142.72l22.656-182.014h-165.417v-125.397c0.041-52.608 14.208-88.619 87.511-88.619z"
        ],
        "attrs": [
          {
            "fill": "rgb(175, 177, 184)"
          }
        ],
        "isMulticolor": false,
        "isMulticolor2": false,
        "grid": 0,
        "tags": [
          "facebook"
        ],
        "colorPermutations": {
          "1171171171175177184125525525513315024313333331": [
            {
              "f": 3
            }
          ]
        }
      },
      "attrs": [
        {
          "fill": "rgb(175, 177, 184)"
        }
      ],
      "properties": {
        "order": 86,
        "id": 10,
        "name": "facebook",
        "prevSize": 32
      },
      "setIdx": 0,
      "setId": 2,
      "iconIdx": 35
    },
    {
      "icon": {
        "paths": [
          "M1022.996 301.059c-2.396-54.409-11.197-91.814-23.798-124.227-13.005-34.405-33.009-65.208-59.218-90.814-25.605-26.006-56.612-46.212-90.619-59.012-32.599-12.604-69.811-21.403-124.216-23.802-54.815-2.602-72.218-3.204-211.246-3.204-139.027 0-156.429 0.602-211.041 3.001-54.409 2.399-91.815 11.205-124.22 23.802-34.413 13.003-65.215 33.007-90.822 59.215-26.005 25.606-46.204 56.612-59.011 90.619-12.604 32.608-21.403 69.811-23.802 124.22-2.602 54.815-3.204 72.217-3.204 211.247 0 139.023 0.602 156.426 3.001 211.041 2.399 54.405 11.205 91.812 23.809 124.227 13.003 34.401 33.202 65.208 59.207 90.813 25.607 26.004 56.612 46.213 90.619 59.013 32.608 12.6 69.81 21.402 124.227 23.798 54.604 2.406 72.014 3 211.042 3s156.426-0.594 211.041-3c54.41-2.396 91.812-11.197 124.216-23.798 68.818-26.609 123.228-81.019 149.837-149.827 12.595-32.609 21.402-69.821 23.803-124.227 2.396-54.615 3-72.018 3-211.041 0-139.030-0.205-156.431-2.606-211.044zM930.785 719.14c-2.202 50.012-10.604 77.015-17.603 95.017-17.208 44.611-52.613 80.015-97.224 97.224-18.002 7.004-45.204 15.401-95.017 17.597-54.011 2.406-70.211 3-206.838 3-136.63 0-153.031-0.594-206.846-3-50.010-2.196-77.015-10.593-95.018-17.597-22.2-8.202-42.407-21.207-58.808-38.211-17.004-16.604-30.006-36.608-38.211-58.808-7.002-18.002-15.401-45.21-17.597-95.017-2.407-54.011-3.001-70.216-3.001-206.848 0-136.626 0.594-153.028 3.001-206.835 2.195-50.010 10.595-77.015 17.597-95.018 8.205-22.207 21.207-42.407 38.414-58.817 16.597-17.003 36.601-30.006 58.808-38.203 18.003-7.001 45.212-15.401 95.018-17.605 54.010-2.399 70.217-3.001 206.838-3.001 136.832 0 153.027 0.602 206.843 3.001 50.012 2.203 77.015 10.604 95.022 17.605 22.195 8.197 42.404 21.2 58.808 38.203 16.998 16.605 30.003 36.609 38.211 58.817 6.999 18.003 15.401 45.204 17.603 95.018 2.401 54.010 3 70.209 3 206.835 0 136.632-0.599 152.632-3 206.643z",
          "M513.9 249.044c-145.222 0-263.050 117.82-263.050 263.053 0 145.229 117.828 263.050 263.050 263.050 145.234 0 263.055-117.821 263.055-263.050 0-145.233-117.821-263.053-263.055-263.053zM513.9 682.732c-94.212 0-170.633-76.416-170.633-170.634 0-94.224 76.421-170.637 170.633-170.637 94.223 0 170.634 76.413 170.634 170.637 0 94.218-76.411 170.634-170.634 170.634z",
          "M848.768 238.648c0 33.913-27.5 61.41-61.42 61.41-33.915 0-61.409-27.497-61.409-61.41 0-33.921 27.494-61.411 61.409-61.411 33.92 0 61.42 27.49 61.42 61.411z"
        ],
        "attrs": [
          {
            "fill": "rgb(175, 177, 184)"
          },
          {
            "fill": "rgb(175, 177, 184)"
          },
          {
            "fill": "rgb(175, 177, 184)"
          }
        ],
        "isMulticolor": false,
        "isMulticolor2": false,
        "grid": 0,
        "tags": [
          "instagram"
        ],
        "colorPermutations": {
          "1171171171175177184125525525513315024313333331": [
            {
              "f": 3
            },
            {
              "f": 3
            },
            {
              "f": 3
            }
          ]
        }
      },
      "attrs": [
        {
          "fill": "rgb(175, 177, 184)"
        },
        {
          "fill": "rgb(175, 177, 184)"
        },
        {
          "fill": "rgb(175, 177, 184)"
        }
      ],
      "properties": {
        "order": 94,
        "id": 7,
        "name": "instagram",
        "prevSize": 32
      },
      "setIdx": 0,
      "setId": 2,
      "iconIdx": 38
    },
    {
      "icon": {
        "paths": [
          "M1023.749 1024.005v-0.041h0.256v-375.552c0-183.725-39.552-325.25-254.336-325.25-103.255 0-172.544 56.661-200.832 110.378h-2.99v-93.226h-203.647v683.65h212.054v-338.519c0-89.129 16.896-175.318 127.273-175.318 108.759 0 110.382 101.718 110.382 181.037v332.841h211.84z",
          "M16.9 340.35h212.31v683.65h-212.31v-683.65z",
          "M122.966 0c-67.883 0-122.966 55.082-122.966 122.966s55.082 124.117 122.966 124.117c67.882 0 122.965-56.234 122.965-124.117-0.042-67.883-55.125-122.966-122.965-122.966v0z"
        ],
        "attrs": [
          {
            "fill": "rgb(175, 177, 184)"
          },
          {
            "fill": "rgb(175, 177, 184)"
          },
          {
            "fill": "rgb(175, 177, 184)"
          }
        ],
        "isMulticolor": false,
        "isMulticolor2": false,
        "grid": 0,
        "tags": [
          "linkedin"
        ],
        "colorPermutations": {
          "1171171171175177184125525525513315024313333331": [
            {
              "f": 3
            },
            {
              "f": 3
            },
            {
              "f": 3
            }
          ]
        }
      },
      "attrs": [
        {
          "fill": "rgb(175, 177, 184)"
        },
        {
          "fill": "rgb(175, 177, 184)"
        },
        {
          "fill": "rgb(175, 177, 184)"
        }
      ],
      "properties": {
        "order": 95,
        "id": 6,
        "name": "linkedin",
        "prevSize": 32
      },
      "setIdx": 0,
      "setId": 2,
      "iconIdx": 39
    },
    {
      "icon": {
        "paths": [
          "M1024 0l-1024 576 327.251 121.203 504.749-473.202-383.927 517.955 0.311 0.115-0.384-0.115v282.048l183.522-214.106 232.482 86.106 159.996-896.004z"
        ],
        "attrs": [
          {
            "fill": "rgb(255, 255, 255)"
          }
        ],
        "isMulticolor": false,
        "isMulticolor2": false,
        "grid": 0,
        "tags": [
          "telegram"
        ],
        "colorPermutations": {
          "1171171171175177184125525525513315024313333331": [
            {
              "f": 4
            }
          ]
        }
      },
      "attrs": [
        {
          "fill": "rgb(255, 255, 255)"
        }
      ],
      "properties": {
        "order": 122,
        "id": 3,
        "name": "telegram",
        "prevSize": 32
      },
      "setIdx": 0,
      "setId": 2,
      "iconIdx": 42
    },
    {
      "icon": {
        "paths": [
          "M1024 194.496c-38.077 16.704-78.659 27.776-120.96 33.152 43.52-25.984 76.739-66.816 92.349-116.032-40.571 24.192-85.371 41.28-133.12 50.816-38.528-41.024-93.44-66.432-153.344-66.432-116.219 0-209.789 94.336-209.789 209.984 0 16.64 1.408 32.64 4.864 47.872-174.528-8.512-328.96-92.16-432.704-219.584-18.112 31.424-28.736 67.392-28.736 106.112 0 72.704 37.44 137.152 93.248 174.464-33.728-0.64-66.816-10.432-94.848-25.856 0 0.64 0 1.472 0 2.304 0 102.016 72.768 186.752 168.192 206.269-17.088 4.675-35.712 6.912-55.040 6.912-13.44 0-27.008-0.763-39.744-3.584 27.2 83.139 104.384 144.261 196.16 146.243-71.424 55.875-162.112 89.533-260.288 89.533-17.216 0-33.728-0.763-50.24-2.877 92.992 59.971 203.2 94.208 322.048 94.208 386.304 0 597.504-320 597.504-597.376 0-9.28-0.317-18.24-0.768-27.136 41.667-29.568 76.672-66.496 105.216-108.992z"
        ],
        "attrs": [
          {
            "fill": "rgb(175, 177, 184)"
          }
        ],
        "isMulticolor": false,
        "isMulticolor2": false,
        "grid": 0,
        "tags": [
          "twitter"
        ],
        "colorPermutations": {
          "1171171171175177184125525525513315024313333331": [
            {
              "f": 3
            }
          ]
        }
      },
      "attrs": [
        {
          "fill": "rgb(175, 177, 184)"
        }
      ],
      "properties": {
        "order": 70,
        "id": 1,
        "name": "twitter",
        "prevSize": 32
      },
      "setIdx": 0,
      "setId": 2,
      "iconIdx": 44
    }
  ],
  "height": 1024,
  "preferences": {
    "showGlyphs": true,
    "showQuickUse": true,
    "showQuickUse2": true,
    "showSVGs": true,
    "fontPref": {
      "prefix": "icon-",
      "metadata": {
        "fontFamily": "icomoon"
      },
      "metrics": {
        "emSize": 1024,
        "baseline": 6.25,
        "whitespace": 50
      },
      "embed": false
    },
    "imagePref": {
      "prefix": "icon-",
      "png": false,
      "useClassSelector": true,
      "color": 0,
      "bgColor": 16777215,
      "classSelector": ".icon",
      "name": "icomoon",
      "height": 32,
      "columns": 16,
      "margin": 16
    },
    "historySize": 50,
    "showCodes": true,
    "gridSize": 16
  }
}